date,bonds,bonds_global_gov,bonds_global,bonds_em_hc,bonds_em_local,equities_ch,equities_global_dev,equities_em,equities_global_sc,private_equity,infrastructure,ils,gold
31.01.72,0.017430723,0.004922803,0.009222764,0.020225945,0.015092387,0.071211191,0.027102139,0.02674138,,0.027102139,,,0.040865325
29.02.72,0.013272116,0.001080134,0.007954417,0.019357202,0.022494794,0.048014873,0.037393151,0.036710981,,0.037393151,,,0.05162369
31.03.72,-0.006104618,0.001403086,0.010831093,0.006751025,0.000986406,0.018136579,0.005924105,0.005906626,,0.005924105,,,-0.0071246
30.04.72,-0.005900635,0.00037718,-0.001086101,0.005774793,0.016133105,0.005190036,0.021818491,0.021583874,,0.021818491,,,0.02206667
31.05.72,0.004685779,0.003445001,0.004393788,0.01137476,0.007761303,0.065821844,0.015132798,0.01501944,,0.015132798,,,0.10212036
30.06.72,-0.003403408,0.001767555,0.001038919,-0.011330101,-0.03644629,-0.102648956,-0.049497327,-0.050764305,,-0.049497327,,,0.100189304
31.07.72,0.010537512,0.006829623,0.008375665,0.010616228,0.021029286,0.077578655,0.02704371,0.026684491,,0.02704371,,,0.066662864
31.08.72,0.004693864,0.001540968,0.001010429,0.014579039,0.018418031,0.034032627,0.031017354,0.030546037,,0.031017354,,,0.022313405
30.09.72,0.00179882,-0.007690984,-0.012277624,-0.012255202,-0.005965444,1.02E-05,-0.009480245,-0.009525468,,-0.009480245,,,-0.018463872
31.10.72,-0.001620948,0.005731189,0.004396943,0.006018879,0.008007091,-0.008078981,0.010701323,0.010644469,,0.010701323,,,-0.007613209
30.11.72,-0.00782188,0.009270551,0.013478051,0.030240906,0.024793305,-0.040900213,0.045081612,0.04409498,,0.045081612,,,-0.038260023
31.12.72,0.005539,0.000432118,-0.008988495,0.009326401,0.006255328,0.045513564,0.015832005,0.015707986,,0.015832005,,,0.01268309
31.01.73,-0.000749083,0.001183653,-0.00755175,0.00163208,-0.034858796,0.002797719,-0.035722755,-0.036376427,,-0.035722755,,,-0.020313318
28.02.73,0.006162978,-0.003220349,-0.01334796,0.001453709,-0.110885562,-0.065362363,-0.12577122,-0.134413176,,-0.12577122,,,-0.011699566
31.03.73,0.006709527,-0.0003255,-0.005353057,0.000100088,0.030971504,0.009499523,0.031539431,0.031052279,,0.031539431,,,0.157472277
30.04.73,-0.003005294,0.000177174,-0.009773285,-0.025644759,-0.02261996,-0.044438808,-0.047728972,-0.048905591,,-0.047728972,,,0.072203719
31.05.73,0.007344419,-0.004126663,-0.005006399,-0.004354172,-0.044327821,0.048942916,-0.048707919,-0.049934134,,-0.048707919,,,0.071581539
30.06.73,0.005033474,-0.001038306,-0.012714839,0.001225045,-0.045831371,-0.007170351,-0.048107285,-0.049302945,,-0.048107285,,,0.107647042
31.07.73,0.004456721,-0.008685508,-0.005406436,0.005922961,-0.017777639,-0.097843798,-0.001570187,-0.001571421,,-0.001570187,,,-0.025404515
31.08.73,-0.011997263,-0.012136877,-0.01530248,-0.02841443,0.034568833,0.01425316,0.020442624,0.020236478,,0.020442624,,,-0.056363132
30.09.73,-0.003170694,0.010893276,0.01188135,0.018493193,0.021542996,0.051233491,0.029298784,0.028877778,,0.029298784,,,-0.036482394
31.10.73,0.005933026,0.013195298,0.012823558,0.010814112,0.03748169,0.040885516,0.034613568,0.034027992,,0.034613568,,,-0.00518416
30.11.73,-0.01531235,0.001264325,-0.005667705,-0.064794676,-0.040681,-0.123302305,-0.098819402,-0.104049599,,-0.098819402,,,-0.020034406
31.12.73,-0.004841876,-0.012246084,-0.007892032,-0.010735653,0.001670604,-0.016982661,0.004648098,0.004637329,,0.004648098,,,0.130310286
31.01.74,-0.000243634,-0.00862257,-0.006985341,-0.000851656,-0.006732674,0.030848465,0.00893409,0.008894417,,0.00893409,,,0.191491442
28.02.74,-0.011596442,0.002049314,-0.005357479,0.008498109,-0.018791978,-0.055730001,-0.01894589,-0.019127663,,-0.01894589,,,0.115444436
31.03.74,-0.014380866,-0.00836303,-0.012699083,-0.016853655,-0.043014757,0.009980702,-0.060274534,-0.062167504,,-0.060274534,,,0.076810635
30.04.74,-0.003708605,-0.008433297,-0.010848739,-0.013029013,-0.043150814,-0.037268908,-0.048544398,-0.049762254,,-0.048544398,,,-0.011457681
31.05.74,0.004448411,0.003060117,0.006104069,-0.0192856,0.001042447,-0.118679274,-0.019194704,-0.019381314,,-0.019194704,,,-0.032752196
30.06.74,0.007125303,0.001151527,0.003222998,-0.015463249,-0.008024393,0.037541063,-0.023697564,-0.023982867,,-0.023697564,,,-0.050823043
31.07.74,0.008701867,-0.005229074,-0.014454663,-0.03242258,-0.045193213,0.026581439,-0.067479576,-0.069864226,,-0.067479576,,,-0.084818682
31.08.74,-0.000894393,-0.00680005,-0.010887748,-0.052020659,-0.041860861,-0.11836599,-0.084106916,-0.087855641,,-0.084106916,,,0.090760282
30.09.74,0.003470753,0.003265781,-0.009052448,-0.045845368,-0.058533096,-0.114130237,-0.109511292,-0.115984857,,-0.109511292,,,-0.038183063
31.10.74,0.010911961,0.009210456,0.012244997,0.052960862,0.027554272,0.059987279,0.069133632,0.066848631,,0.069133632,,,0.019362735
30.11.74,0.01297536,0.007890025,0.000436365,-0.004010636,-0.05696718,-0.039434681,-0.069817067,-0.07237401,,-0.069817067,,,0.076716506
31.12.74,0.007038338,0.012086107,0.002755265,-0.00213622,-0.067063948,-0.064432742,-0.082481595,-0.086082639,,-0.082481595,,,-0.058707625
31.01.75,0.024114578,0.0089661,0.020169864,0.077524363,0.069994426,0.20900379,0.134824968,0.126478426,,0.134824968,,,-0.055564487
28.02.75,0.014852223,0.021511989,0.034782395,0.054542909,0.023507916,0.021700471,0.047395447,0.046306555,,0.047395447,,,-0.00617092
31.03.75,-0.00367308,-0.003326136,-0.00486516,0.001468602,0.057614668,0.032672255,0.066077957,0.063986454,,0.066077957,,,0.035616047
30.04.75,0.004058711,-0.012912981,-0.013622054,0.013826922,0.020266845,0.054975599,0.047408818,0.046319321,,0.047408818,,,-0.060000536
31.05.75,0.011089626,0.010197954,0.007194357,0.016458736,-0.000479248,-0.030571009,0.005550285,0.005534939,,0.005550285,,,-0.01884808
30.06.75,0.019697803,0.009894274,0.010799402,0.01079836,0.014550476,0.00213561,0.020944171,0.020727857,,0.020944171,,,0.002725002
31.07.75,0.009222649,0.000293078,0.011090264,-0.028142886,0.04136488,0.015027252,0.014224458,0.014124239,,0.014224458,,,0.072684564
31.08.75,0.019042966,-0.006569049,-0.000842354,-0.011534049,-0.01687446,-0.053580894,-0.021617114,-0.021854186,,-0.021617114,,,-0.049667451
30.09.75,0.004033272,0.001689061,0.009558989,-0.021592281,-0.000216278,-0.056754653,-0.020038869,-0.02024237,,-0.020038869,,,-0.101872232
31.10.75,0.011776898,0.008939022,0.007370097,0.037711751,-0.001854694,0.095219047,0.022603543,0.022351869,,0.022603543,,,-0.033718876
30.11.75,0.011706272,0.004859135,0.008298373,0.015113726,0.038366432,0.070662998,0.051643483,0.050354163,,0.051643483,,,-0.011407318
31.12.75,0.006623572,0.008047983,0.015174389,0.003682335,-0.016940825,0.021116179,-0.02129028,-0.021520187,,-0.02129028,,,-0.008264657
31.01.76,0.034565462,0.021728976,0.017398126,0.054719833,0.051450421,0.031147451,0.082616069,0.079380399,,0.082616069,,,-0.097358857
29.02.76,0.010740764,0.003231456,-0.001767818,-0.003337643,-0.01055062,-0.016775308,-0.018437325,-0.018609411,,-0.018437325,,,0.019788951
31.03.76,0.012959687,0.00218015,0.004607679,0.005836961,-0.002560019,-0.005235941,0.002796966,0.002793061,,0.002796966,,,-0.030520455
30.04.76,0.00140897,0.008545965,0.003730586,-0.000609357,-0.009964502,-0.01910257,-0.017657188,-0.017814936,,-0.017657188,,,-0.020731992
31.05.76,0.003171447,-0.008097544,-0.01653855,-0.013648737,-0.038939817,-0.017270589,-0.041448218,-0.042331694,,-0.041448218,,,-0.049321421
30.06.76,0.009481737,0.000350937,0.001777054,0.01403759,0.027463806,0.02734685,0.038821571,0.038086966,,0.038821571,,,-0.00679109
31.07.76,0.005979021,0.002417662,-0.001269892,-0.005163118,0.007730955,0.007201543,-0.001903677,-0.001905492,,-0.001903677,,,-0.089207246
31.08.76,0.00998017,0.002863559,0.002695423,-0.00095027,0.003217457,-0.001680453,-0.003184971,-0.003190054,,-0.003184971,,,-0.080403866
30.09.76,0.010495843,0.005712426,0.01161878,0.00577086,-0.005222488,-0.017849412,-0.004132596,-0.004141159,,-0.004132596,,,0.095714025
31.10.76,0.0202986,0.004267354,-0.002017261,-0.016259609,-0.023508296,-0.041329048,-0.040145692,-0.040973768,,-0.040145692,,,0.053464435
30.11.76,0.010850671,0.008777591,0.013666378,0.001767303,0.01165071,0.016710298,0.003559623,0.003553302,,0.003559623,,,0.062474638
31.12.76,0.007252962,0.018858211,0.023445028,0.046237439,0.05467429,0.068475448,0.076789943,0.07398434,,0.076789943,,,0.032619364
31.01.77,0.026113519,-0.001065086,-0.007941248,-0.018231145,0.011984073,0.014595952,-0.007820452,-0.007851192,,-0.007820452,,,0.008786763
28.02.77,0.006946381,0.000338333,0.004995901,-0.003161757,0.021541286,-0.006027321,0.015294655,0.015178871,,0.015294655,,,0.094561451
31.03.77,0.005107549,0.005540875,0.003930888,-0.000927629,0.000246815,0.00680913,-0.008873416,-0.008913019,,-0.008873416,,,0.038458144
30.04.77,0.004485116,0.016638504,0.020624492,0.013415017,0.00355007,-0.000295806,-0.000790446,-0.000790759,,-0.000790446,,,-0.023890446
31.05.77,-0.027210751,0.007599807,0.006524948,-0.003254343,-0.004450245,-0.034297445,-0.015716605,-0.01584142,,-0.015716605,,,-0.032878204
30.06.77,0.000752288,0.008654127,0.009769655,0.022866931,0.011862275,0.014084235,0.021886574,0.021650502,,0.021886574,,,-0.016016279
31.07.77,0.01962249,0.008549612,0.007179027,-0.002937323,-0.023198254,-0.001016088,-0.035822122,-0.03647948,,-0.035822122,,,-0.016414804
31.08.77,0.01182457,0.004159074,0.007844034,0.003044936,-7.21E-06,0.032006013,-0.00100199,-0.001002492,,-0.00100199,,,0.007313881
30.09.77,0.011752211,0.009775329,0.005011032,0.009850462,-0.005212239,0.041809534,-0.006742986,-0.006765823,,-0.006742986,,,0.033446584
31.10.77,0.008677495,0.003905419,0.001239695,-0.007849919,-0.043302589,-0.011589636,-0.063326099,-0.065420082,,-0.063326099,,,-0.002127394
30.11.77,0.003804856,0.000924722,-0.006759978,0.005002398,-0.019948407,0.003602866,-0.017538776,-0.017694403,,-0.017538776,,,-0.04031741
31.12.77,0.006807471,0.004192078,1.49E-05,0.010754871,-0.061732214,-0.014968987,-0.062437174,-0.064471509,,-0.062437174,,,-0.055064107
31.01.78,0.010993944,-0.003292233,-0.01455595,-0.018140886,-0.017877215,0.051033879,-0.032217536,-0.032747944,,-0.032217536,,,0.059391864
28.02.78,0.015177838,-0.004337214,-0.006715779,-0.008144801,-0.077414471,-0.058889849,-0.082887556,-0.086525193,,-0.082887556,,,-0.043737655
31.03.78,0.000428178,0.003825594,0.001261921,0.022084739,0.058407835,0.01330617,0.070287899,0.067927676,,0.070287899,,,0.018885357
30.04.78,0.008396668,-0.003792576,0.003679664,0.018185156,0.05530422,-0.045734911,0.081734566,0.078565833,,0.081734566,,,-0.027593889
31.05.78,-0.002064084,-0.006461108,-0.012113281,0.00079462,-0.012664919,0.014868378,-0.006053187,-0.006071582,,-0.006053187,,,0.055218344
30.06.78,0.008390453,-0.002450291,-0.007337795,0.00150693,-0.006271323,0.01176991,-0.012893045,-0.012976882,,-0.012893045,,,-0.030020879
31.07.78,0.004045669,-0.003734681,-0.003017646,0.031679815,-0.01649284,-0.007199867,0.006536698,0.006515427,,0.006536698,,,0.025575074
31.08.78,0.00648216,0.007516223,-0.001166399,0.012954131,-0.0373828,0.005637023,-0.031630837,-0.032141898,,-0.031630837,,,-0.014585283
30.09.78,0.006440747,0.00076949,0.005121954,0.003331854,-0.044421849,-0.031591726,-0.043254788,-0.044218159,,-0.043254788,,,-0.017378275
31.10.78,0.013797689,-0.006107945,-0.013476861,-0.015651472,-0.030406489,-0.013667482,-0.051919876,-0.053316261,,-0.051919876,,,0.076204977
30.11.78,0.005034935,-0.006955057,0.003326707,-0.025029758,0.11903267,0.029318575,0.120253728,0.113555203,,0.120253728,,,-0.078315448
31.12.78,0.002521818,-0.006384444,-0.008336989,0.008941509,-0.043720504,0.024024915,-0.035682143,-0.036334311,,-0.035682143,,,0.086133994
31.01.79,-0.002441607,-0.00475183,-0.002427163,0.006123446,0.058493426,0.111703133,0.078890703,0.075933386,,0.078890703,,,0.082966472
28.02.79,0.004445234,-0.005057059,-0.015704912,-0.01565739,-0.025228697,-0.02167787,-0.036335748,-0.037012332,,-0.036335748,,,0.053701413
31.03.79,-0.006102445,0.000805181,3.10E-05,0.017451306,0.039118028,0.025261862,0.059444858,0.057745052,,0.059444858,,,-0.03003485
30.04.79,0.003296022,-0.006562649,-0.001548334,-0.007613534,0.011298006,0.007949913,0.017610986,0.01745771,,0.017610986,,,0.039135649
31.05.79,0.004521234,-0.004546349,-0.008023705,-0.01408811,-0.006862123,-0.042051938,-0.016421755,-0.016558087,,-0.016421755,,,0.112520559
30.06.79,-0.013987489,0.00167323,0.004904575,0.012218301,-0.016516665,-0.001604791,-0.011211169,-0.011274487,,-0.011211169,,,-0.030375492
31.07.79,0.000428178,0.003714002,-0.001741526,0.001894078,0.015857059,0.011951594,0.012081306,0.012008909,,0.012081306,,,0.069385507
31.08.79,0.001684461,-0.004107815,-0.007924151,0.014409096,0.018110059,0.02422634,0.038584767,0.037858985,,0.038584767,,,0.05834162
30.09.79,0.003530216,-0.009616129,-0.008681689,0.002653859,-0.054157092,0.016490256,-0.040732148,-0.04158494,,-0.040732148,,,0.166683717
31.10.79,-0.003180175,-0.037013276,-0.037431631,-0.059417805,0.004018603,-0.030018079,-0.008179415,-0.00821305,,-0.008179415,,,0.02873937
30.11.79,-0.023647457,-0.019491609,-0.023298177,0.001362742,-0.028094479,-0.011120261,-0.006852633,-0.00687622,,-0.006852633,,,0.046013775
31.12.79,0.003361012,0.007710925,0.004384559,0.013630212,0.023918223,0.009187273,0.024979012,0.024672136,,0.024979012,,,0.205575452
31.01.80,-0.022839042,-0.006131834,-0.002814865,0.023832912,0.060396031,0.031914785,0.091066144,0.087155332,,0.091066144,,,0.270777064
29.02.80,-0.010349358,-0.05164248,-0.041607099,-0.028665918,0.010346701,-0.029257577,0.040495094,0.039696652,,0.040495094,,,0.013207811
31.03.80,-0.018138942,-0.019339157,-0.014118959,-0.066995464,0.016944223,-0.087714445,-0.028086345,-0.02848831,,-0.028086345,,,-0.16917226
30.04.80,0.011711621,0.035778901,0.032657144,0.04571194,-0.03960186,0.029137932,-0.039640013,-0.040447078,,-0.039640013,,,-0.058729049
31.05.80,0.012795913,0.059188643,0.059424233,0.051482754,0.063772975,0.001131699,0.044088058,0.043143833,,0.044088058,,,0.027015793
30.06.80,0.009813903,0.018113562,0.024658619,0.031818012,0.020711177,0.043489225,0.031370885,0.030888874,,0.031370885,,,0.181942823
31.07.80,0.01091894,-0.009307574,-0.007478685,0.009608318,0.022121383,0.016721171,0.045326028,0.044328825,,0.045326028,,,-0.049048611
31.08.80,-0.011934683,-0.02241351,-0.023436193,-0.002686048,0.006389234,0.006779354,0.020457415,0.020250973,,0.020457415,,,0.026978628
30.09.80,0.004050121,-0.009607131,-0.013512811,0.008079525,0.019351714,-0.000250122,0.033817758,0.033258511,,0.033817758,,,0.057208445
31.10.80,0.014486399,-0.000521229,0.002553245,0.011512822,0.052764607,0.007813332,0.066659448,0.064531754,,0.066659448,,,-0.023638011
30.11.80,0.004483675,-0.027319882,-0.025089433,0.00361759,0.023292556,0.000384222,0.060844552,0.059065338,,0.060844552,,,0.002222996
31.12.80,0.000977811,0.010352993,0.018637128,-0.009952209,0.027008282,0.012623868,-0.00011155,-0.000111552,,-0.000111552,,,-0.028800302
31.01.81,0.000443167,0.002826018,0.012449963,-0.017431112,0.070585401,-0.03133816,0.05587845,0.054373074,,0.05587845,,,-0.069494466
28.02.81,-0.019755322,-0.013537546,-0.017668324,-0.009242605,0.009666467,0.016553126,0.021240411,0.021017977,,0.021240411,,,-0.018209012
31.03.81,-0.011088463,0.021529317,0.022367505,0.026154699,0.01040965,0.001758652,0.015024925,0.014913169,,0.015024925,,,0.028149662
30.04.81,0.003981691,-0.019684425,-0.016538749,-0.011908678,0.03576529,-0.026265257,0.052022219,0.050714235,,0.052022219,,,-0.013058378
31.05.81,-0.016331354,0.006036109,0.001412721,-0.009352306,0.01475954,-0.033337553,0.008428035,0.008392717,,0.008428035,,,0.019831296
30.06.81,0.01773158,0.000704962,0.002692266,-0.003250069,-0.017757134,0.03166512,-0.014401476,-0.014506184,,-0.014401476,,,-0.131750814
31.07.81,0.010873028,-0.016291945,-0.016977016,-0.019283951,0.024220952,0.002689995,0.03295881,0.032427315,,0.03295881,,,0.000380429
31.08.81,-0.014033427,-0.012768278,-0.015538497,-0.019469897,-0.014648495,-0.039486134,-0.026212132,-0.026561794,,-0.026212132,,,0.03904467
30.09.81,-0.011311437,-0.003122596,-0.014447645,-0.042165883,-0.106853849,-0.074110268,-0.141744518,-0.15285346,,-0.141744518,,,-0.068322149
31.10.81,0.012843613,0.035014683,0.02779201,0.030697652,-0.038253896,0.003432142,-0.043565176,-0.044542632,,-0.043565176,,,-0.080022731
30.11.81,0.028393347,0.059649413,0.062515548,0.065395544,0.047210472,0.054725506,0.03977234,0.039001785,,0.03977234,,,-0.063504287
31.12.81,0.014801431,-0.014567558,-0.015846794,-0.018323225,-0.004811767,0.004221008,-0.003747319,-0.003754358,,-0.003747319,,,-0.025319283
31.01.82,0.002210313,0.007795712,0.007682739,-0.004674247,0.018357219,-0.016180955,0.012804992,0.012723701,,0.012804992,,,-0.000416774
28.02.82,0.001113376,0.01268199,0.006495972,-0.025852426,-0.004625721,-0.003365335,-0.035865255,-0.036524217,,-0.035865255,,,-0.040202352
31.03.82,0.024993211,0.01265111,0.016776499,-0.00972682,0.008563852,0.012924772,-0.006152559,-0.006171564,,-0.006152559,,,-0.10450441
30.04.82,0.010004872,0.0106159,0.014496583,0.026026608,0.055667433,0.013479777,0.064413351,0.062423803,,0.064413351,,,0.134654608
31.05.82,0.011672895,0.004178751,0.008386787,-0.01433044,0.010655181,-0.013986804,-0.00308845,-0.003093229,,-0.00308845,,,-0.083306933
30.06.82,-0.014389365,-0.017676459,-0.017834428,-0.034831789,0.006755698,-0.042738595,-0.00117815,-0.001178845,,-0.00117815,,,0.019771368
31.07.82,0.022674662,0.025758765,0.024461906,0.002562532,0.009115003,0.004310545,-0.012068074,-0.012141485,,-0.012068074,,,0.076683764
31.08.82,0.01914179,0.032836481,0.037567161,0.049343245,0.074590373,0.026176463,0.094948434,0.09070727,,0.094948434,,,0.202065156
30.09.82,0.016142113,0.020127755,0.018404575,0.009717252,0.030103583,0.01012668,0.023856864,0.023576736,,0.023856864,,,-0.017915599
31.10.82,0.010754303,0.031698237,0.035457748,0.048033671,0.065261417,0.061671401,0.08670851,0.083153412,,0.08670851,,,0.079828625
30.11.82,0.004767933,0.001696787,-0.002603475,0.025038327,0.001669995,0.035902019,0.013582493,0.013491078,,0.013582493,,,-0.009306557
31.12.82,0.007712672,0.019793178,0.011577862,0.030104659,-0.012953622,0.054496653,-0.011295441,-0.011359719,,-0.011295441,,,-0.009285468
31.01.83,0.00291727,-0.011034236,-0.013293994,0.003032243,0.005159335,0.020401751,0.026562462,0.026215805,,0.026562462,,,0.093430568
28.02.83,0.003518802,0.018274433,0.022041942,0.017322423,0.047019999,0.033389038,0.044433545,0.043474676,,0.044433545,,,-0.179216085
31.03.83,-0.010098897,-0.000493653,0.012528687,0.015312429,0.029890706,0.007916092,0.0486648,0.047517736,,0.0486648,,,0.027341471
30.04.83,0.006062251,0.013330326,0.010586895,0.040206452,0.039324379,0.044000964,0.063769612,0.061818837,,0.063769612,,,0.02648942
31.05.83,-0.001619468,-0.007655132,-0.014526838,-0.010174121,0.007590039,-0.028806307,0.00542349,0.005408836,,0.00542349,,,0.033542875
30.06.83,-0.000940783,0.000785018,0.000449356,0.014464367,0.014512322,0.020195367,0.030324203,0.029873513,,0.030324203,,,-0.052156191
31.07.83,0.007329813,-0.013838687,-0.017590098,-0.017508609,-0.000883037,0.037853483,-0.00033708,-0.000337137,,-0.00033708,,,0.031247067
31.08.83,-0.007943306,0.002651523,0.006851413,0.002119191,0.029058606,-0.027070553,0.032811964,0.032285144,,0.032811964,,,0.007660888
30.09.83,0.005098185,0.023028598,0.021524522,0.019614486,-0.000266386,0.006681595,-0.009112155,-0.009153924,,-0.009112155,,,-0.05251758
31.10.83,0.009746402,0.001431107,-0.00024305,-0.006969236,0.006726355,0.0392032,-0.00224757,-0.0022501,,-0.00224757,,,-0.049629628
30.11.83,0.002665158,0.008501376,0.002244625,0.01521096,0.02734512,0.046825968,0.035802049,0.035176053,,0.035802049,,,0.067401772
31.12.83,0.009697398,0.000980695,0.012970577,0.004841382,0.017631113,0.059159628,0.02283511,0.022578291,,0.02283511,,,-0.048270152
31.01.84,0.005527505,0.007459374,0.009578658,0.005659201,0.039798904,-0.001714747,0.043368733,0.042454645,,0.043368733,,,0.010595967
29.02.84,0.000222105,-0.003535055,-0.0072004,-0.012180325,-0.038244872,-0.023263319,-0.053302476,-0.054775642,,-0.053302476,,,0.014514223
31.03.84,0.004378593,-0.002100683,-0.000995841,0.020015274,0.019711441,0.004923661,0.03986366,0.039089609,,0.03986366,,,-0.022203807
30.04.84,-0.001485803,-0.004742356,0.002357371,-0.006780498,0.037412394,0.035842216,0.040786674,0.039976845,,0.040786674,,,0.009747559
31.05.84,-0.003725655,-0.024129971,-0.027779345,-0.052013321,-0.044052811,-0.044008583,-0.06859348,-0.071059448,,-0.06859348,,,0.028389861
30.06.84,0.008619304,0.005199233,0.008470032,0.004091793,0.03615668,-0.001811432,0.04078643,0.03997661,,0.04078643,,,0.001103344
31.07.84,-0.003088144,0.016866564,0.02594219,-0.011902611,0.040253392,-0.01099797,0.018338296,0.018172177,,0.018338296,,,-0.032624902
31.08.84,0.007483759,0.016433027,0.028841984,0.055593984,0.04193928,0.048630513,0.07883025,0.075877353,,0.07883025,,,-0.003307526
30.09.84,0.001624745,0.015014777,0.019924874,0.002972774,0.046000538,0.014272691,0.041929668,0.041074444,,0.041929668,,,0.031230843
31.10.84,0.002241859,0.024496742,0.0292814,0.015325675,0.010702477,0.009088652,0.002356671,0.002353898,,0.002356671,,,-0.039174701
30.11.84,0.006329708,0.01571453,0.02581865,0.004258852,0.028568776,0.008705601,0.020180169,0.019979248,,0.020180169,,,0.009528053
31.12.84,0.004556429,0.004923085,0.014393639,0.011392035,0.029173453,0.019243649,0.040294472,0.03950382,,0.040294472,,,-0.044436954
31.01.85,0.005711049,0.011143411,0.011734345,0.031781954,0.060965891,0.061508479,0.085475034,0.08201771,,0.085475034,,,0.020130996
28.02.85,-0.005936586,-0.017740284,-0.015868546,-0.008989942,0.051015337,0.007284309,0.070622141,0.06823992,,0.070622141,,,0.002167799
31.03.85,0.002349212,0.014719474,0.021620712,0.023608484,-0.058524587,-0.01016309,-0.058457039,-0.060235301,,-0.058457039,,,0.039869415
30.04.85,0.008152954,0.013289178,0.014180324,0.004155204,0.013291118,0.043486376,-0.001618479,-0.00161979,,-0.001618479,,,-0.023663102
31.05.85,0.008685044,0.030797794,0.038837899,0.039906276,0.036015493,0.024878419,0.042656071,0.041771372,,0.042656071,,,-0.031962677
30.06.85,0.001661409,0.008655744,0.015538603,0.012487625,0.004878496,0.070133947,0.003826565,0.003819262,,0.003826565,,,-0.002465295
31.07.85,0.00227765,0.001414217,-0.005219021,0.010205573,-0.070586882,0.026340181,-0.073845682,-0.076714408,,-0.073845682,,,-0.067382114
31.08.85,0.009258432,0.01055681,0.013678064,0.008147251,0.0116052,0.05381168,0.010452917,0.010398663,,0.010452917,,,0.019182937
30.09.85,0.006292529,0.006737652,0.004651522,0.005899414,-0.026837946,-0.051265118,-0.041487282,-0.042372448,,-0.041487282,,,-0.070731322
31.10.85,0.003933919,0.001903567,-0.007639166,0.026588389,0.012524085,0.111269539,0.032527995,0.03201016,,0.032527995,,,-0.025138642
30.11.85,0.009758665,0.014838453,0.024977516,0.034025755,0.013209079,0.072211782,0.022614693,0.022362772,,0.022614693,,,-0.031818992
31.12.85,0.010282516,0.018320326,0.024257097,0.030981226,0.023059561,0.086989255,0.036594142,0.035940476,,0.036594142,,,-0.005595681
31.01.86,0.009630139,0.001023369,0.000311903,0.006442376,-0.000118405,-0.047148108,-0.000708451,-0.000708702,,-0.000708451,,,0.054236861
28.02.86,0.009569117,0.032942887,0.043316246,0.059939719,0.001738963,-0.014293947,0.015432201,0.015314336,,0.015432201,,,-0.107184696
31.03.86,0.009508213,0.038125327,0.03532879,0.066253867,0.107282961,0.070510736,0.132622389,0.124535642,,0.132622389,,,0.048128509
30.04.86,-0.000640317,0.004268103,0.00111562,0.014545559,-0.041247695,-0.000531149,-0.043821636,-0.04481081,,-0.043821636,,,-0.067159187
31.05.86,-0.00411645,-0.022738051,-0.017821286,-0.013808448,0.042199751,0.00042122,0.063654305,0.061710437,,0.063654305,,,0.056917526
30.06.86,0.001910458,0.019666532,0.018219236,0.029039418,-0.03288227,-0.020400145,-0.033006423,-0.033563426,,-0.033006423,,,-0.066494712
31.07.86,0.007820738,0.005323309,-0.001393103,0.006030169,-0.050825029,-0.082431996,-0.05872745,-0.060522542,,-0.05872745,,,-0.034648905
31.08.86,0.010135347,0.019138744,0.018085733,0.052574239,0.034222283,0.104078633,0.065720558,0.063651151,,0.065720558,,,0.052966005
30.09.86,0.004736497,-0.018479674,-0.0193753,-0.029596023,-0.026458059,-0.039719632,-0.037175356,-0.037883977,,-0.037175356,,,0.097764703
31.10.86,0.007092537,0.008200879,0.013217937,-0.005180338,0.028091755,0.04975324,0.023244876,0.022978829,,0.023244876,,,-0.013828222
30.11.86,0.005267785,0.006493714,0.001318604,0.023582131,-0.012206752,0.036231582,-0.000611818,-0.000612005,,-0.000611818,,,-0.086914569
31.12.86,0.004055325,0.003761998,0.00630523,0.011090985,-0.000120054,-0.006498293,0.001117156,0.001116532,,0.001117156,,,-0.005261033
31.01.87,0.010596479,0.011746501,0.011045607,0.063540998,0.029496808,-0.028872177,0.070536622,0.068160039,,0.070536622,,,-0.01334397
28.02.87,-0.000230979,0.010259716,0.012433613,0.020597302,0.018984489,-0.036571967,0.027910625,0.027528222,,0.027910625,,,0.008153504
31.03.87,0.001614371,0.001922389,0.001573402,0.030926973,0.023364108,0.019432683,0.043554671,0.042632838,,0.043554671,,,-0.017645759
30.04.87,0.004023003,-0.004182434,0.002048564,0.026079663,0.010720546,-0.0280062,0.036115101,0.035478239,,0.036115101,,,0.088767043
31.05.87,0.001036893,-0.001347696,0.004816816,-0.001158283,0.022469673,-0.014720644,0.025517613,0.025197474,,0.025517613,,,0.018649402
30.06.87,0.005832385,-0.004160206,-0.001249704,-0.003652089,-0.002710648,0.055145886,0.001628013,0.001626689,,0.001628013,,,-0.006209826
31.07.87,0.005206727,-0.012836305,-0.015899973,0.002286616,0.016607079,0.08184336,0.036051005,0.035416376,,0.036051005,,,0.048877576
31.08.87,-0.000182691,-0.006612356,-0.007472999,0.024991075,0.00675483,-0.003037728,0.027103889,0.026743083,,0.027103889,,,-0.050720644
30.09.87,-0.009626812,-0.021181142,-0.032019396,-0.020615653,0.005176672,0.044064057,0.010876774,0.010818048,,0.010876774,,,0.04158441
31.10.87,-0.003168603,0.033478047,0.011679819,-0.069257811,-0.117133665,-0.264829151,-0.226374947,-0.256667951,,-0.226374947,,,-0.050746021
30.11.87,0.014937025,0.005865593,-0.006127035,-0.010471803,-0.055883413,-0.116696451,-0.082512375,-0.086116186,,-0.082512375,,,-0.012370325
31.12.87,0.008536331,0.006516867,0.005804957,0.023209541,-0.011578535,-0.034168177,-0.010439408,-0.010494281,,-0.010439408,,,-0.070295885
31.01.88,0.009554213,0.022508639,0.021521373,0.058482419,0.125173384,0.010393869,0.098751611,0.1637162,,0.098751611,,,0.01445752
29.02.88,0.010836477,0.005957005,0.012521504,0.002598058,0.023907936,0.076780757,0.076869135,0.020856299,,0.076869135,,,-0.054611646
31.03.88,0.006153866,-0.00488438,-0.003377307,0.048927569,0.041391334,-0.035551893,0.010060478,0.082081955,,0.010060478,,,0.049863221
30.04.88,0.007180314,-0.005776276,-0.009019236,0.021675234,0.047281285,0.01606928,0.035156841,0.073842037,,0.035156841,,,0.004285472
31.05.88,-0.003098676,-0.007126334,-0.006597735,0.009364949,0.045993244,0.003270398,0.015440454,0.064845402,,0.015440454,,,0.049695905
30.06.88,0.0014537,0.004883119,-1.58E-05,0.01741979,0.048919849,0.05427816,0.042714037,0.076437654,,0.042714037,,,0.0005396
31.07.88,-0.002909516,-0.004820905,0.001426471,-0.016859313,0.020310897,0.016508826,0.055038707,0.009022405,,0.055038707,,,0.035341503
31.08.88,0.004361106,-0.00606361,-0.009489054,-0.018111132,-0.004216125,-0.007176995,-0.039890022,-0.011539133,,-0.039890022,,,-0.005325
30.09.88,0.003667958,0.016192043,0.013979277,0.038459307,0.044218838,0.032725023,0.04121024,0.061444595,,0.04121024,,,-0.07418528
31.10.88,0.006817444,0.014786963,0.012736095,0.002211583,-0.030847485,0.048315243,0.011423557,-0.059729616,,0.011423557,,,-0.016954586
30.11.88,0.002962116,-0.007796258,-0.010084595,-0.007888301,-0.030228351,-0.013773478,0.002168573,-0.036508908,,0.002168573,,,-0.007794549
31.12.88,0.001144274,0.000821838,0.001028094,0.011655296,0.042498463,0.030850025,0.042727728,0.058899349,,0.042727728,,,0.003013717
31.01.89,-0.010731156,0.004951017,0.005345178,-0.00563848,0.051818717,0.034302416,0.103695562,0.050273959,,0.103695562,,,0.022542661
28.02.89,-0.007445043,-0.010692745,-0.012419066,0.031376219,0.009517115,-0.008383074,-0.03387421,0.045408708,,-0.03387421,,,-0.046237501
31.03.89,-0.002331909,0.002845197,0.00910164,0.049479576,0.113922077,0.058300572,0.062034759,0.16143262,,0.062034759,,,0.056586778
30.04.89,-0.017763851,0.010135253,0.012905585,0.097905286,0.109516029,0.037148626,0.029932154,0.180293163,,0.029932154,,,-0.008339941
31.05.89,-0.015064883,0.009156625,0.011054945,0.009982214,0.016218179,-0.04865172,-0.004935373,0.033095232,,-0.004935373,,,-0.022903654
30.06.89,0.027561971,0.019776705,0.014585892,-0.05132456,-0.067688536,0.124623239,-0.026988808,-0.145533607,,-0.026988808,,,0.014306278
31.07.89,0.002929404,0.019270478,0.018965054,0.041614941,0.01163341,0.077862294,0.065528672,0.019960983,,0.065528672,,,-0.056423644
31.08.89,-0.00214739,-0.010072562,-0.011520441,0.005854829,0.047768446,0.048097335,0.025913699,0.072871357,,0.025913699,,,0.026576359
30.09.89,-0.009918086,-0.001483661,-0.002548372,0.061521138,0.028499656,-0.037933905,-0.012166311,0.078461929,,-0.012166311,,,-0.021794419
31.10.89,-0.006435347,0.011177777,0.006737009,0.01206779,0.005148113,-0.057209744,-0.037897962,0.009027354,,-0.037897962,,,0.01884563
30.11.89,0.001687094,0.002635593,0.005982175,-0.022307685,-0.032341648,0.038191148,0.02449891,-0.062835012,,0.02449891,,,0.068805377
31.12.89,-0.007864258,0.001573976,-0.002772983,0.061154555,0.034714329,0.000748252,0.0014393,0.084816459,,0.0014393,,,-0.047408351
31.01.90,-0.021108697,-0.015647018,-0.019459376,0.00879052,-0.017897967,-0.028177138,-0.071050828,0.006332255,,-0.071050828,,,0.00776889
28.02.90,-0.001941252,-0.006401532,-0.005492816,0.017107513,0.008327281,-0.00533907,-0.050270916,0.030547147,,-0.050270916,,,-0.025789674
31.03.90,0.001430762,0.000945818,0.003808502,-0.066861693,-0.071074131,-0.033456314,-0.057968158,-0.142975961,,-0.057968158,,,-0.098699586
30.04.90,0.00010212,-0.003985114,0.001248309,0.034409909,0.003485862,-0.041877449,-0.042611874,0.040445076,,-0.042611874,,,-0.03124845
31.05.90,0.015200941,0.026334993,0.024822867,0.054628549,0.042749118,0.141099398,0.09099297,0.065736472,,0.09099297,,,-0.026065587
30.06.90,0.019421954,0.010904545,0.011485998,0.022943652,0.015256371,0.006289936,-0.018561618,0.022217343,,-0.018561618,,,-0.04209506
31.07.90,0.007664379,0.009109933,0.00403583,0.048895344,0.008931755,-0.033279107,-0.039018875,0.035461038,,-0.039018875,,,0.006460568
31.08.90,-0.014593042,-0.012753235,-0.022602081,-0.069850553,-0.094447238,-0.143566591,-0.120555431,-0.166856427,,-0.120555431,,,0.010288482
30.09.90,-0.000596125,0.004621131,-0.004136131,-0.061446331,-0.066120461,-0.131601457,-0.111706664,-0.143844414,,-0.111706664,,,0.044657226
31.10.90,0.004462301,0.022274255,0.030254188,0.001777846,0.002760476,0.049905981,0.083150114,-0.028306008,,0.083150114,,,-0.082957719
30.11.90,0.002667854,0.018966487,0.011380013,-0.016560313,-0.023549322,-0.026343886,-0.022825995,-0.060321611,,-0.022825995,,,0.007273583
31.12.90,0.00551074,0.012898932,0.011792408,0.027770211,0.021592174,0.000185396,0.018911613,0.039214757,,0.018911613,,,-0.007519673
31.01.91,0.01866669,0.015658905,0.023028231,0.048726741,0.04039207,0.041185271,0.022440414,0.063831664,,0.022440414,,,-0.058791646
28.02.91,0.020591767,0.010542065,0.018407253,0.079746783,0.132101382,0.119425879,0.152358708,0.191084473,,0.152358708,,,0.044057339
31.03.91,0.006114501,0.00419231,0.003241616,0.023184153,0.100627616,0.044022353,0.065360224,0.133342862,,0.065360224,,,0.073438175
30.04.91,0.010356019,0.010406469,0.004050172,0.011384387,0.008354774,-0.000951082,0.003690591,0.006206258,,0.003690591,,,0.001616632
31.05.91,0.008962869,0.006732761,0.00657954,0.043772716,0.063332015,0.063125364,0.046197083,0.098126423,,0.046197083,,,0.029971687
30.06.91,0.001470724,-0.00210171,-0.004397498,-0.01806007,0.02407939,-0.048819543,-0.013253313,0.013835752,,-0.013253313,,,0.072029935
31.07.91,0.003118124,0.012032261,0.0135592,0.03278344,0.016624956,0.038391809,0.02532445,0.029242924,,0.02532445,,,-0.036346843
31.08.91,0.000823761,0.018894077,0.013885527,0.020802528,0.022279122,0.001279937,-0.001610834,0.022253672,,-0.001610834,,,-0.042110579
30.09.91,0.000731663,0.020285456,0.021811023,-0.008051151,-0.050987201,-0.041264309,-0.026293977,-0.09178753,,-0.026293977,,,-0.031342393
31.10.91,-0.007432932,0.010358364,0.009900496,0.026769604,0.037964247,0.009643374,0.027536822,0.05090951,,0.027536822,,,0.018073125
30.11.91,0.007250066,0.008792761,0.004539173,-0.001883692,-0.020979269,-0.029325393,-0.062080242,-0.034680969,,-0.062080242,,,0.004746842
31.12.91,0.009374358,0.027699389,0.036521046,0.071586442,0.023721294,0.019271102,0.012187076,0.048159237,,0.012187076,,,-0.094882016
31.01.92,0.01999977,-0.000860291,0.002993939,0.059015873,0.105050842,0.061177381,0.035180802,0.162634968,,0.035180802,,,0.055780127
29.02.92,0.007342891,0.00647705,0.003705083,0.026888515,0.059084483,0.045266604,0.020949923,0.081436006,,0.020949923,,,0.036978731
31.03.92,-0.004062892,-0.002911856,-0.010923799,0.016964174,0.021671835,-0.004333119,-0.0360515,0.044632304,,-0.0360515,,,-0.02330065
30.04.92,0.003886587,0.009157211,0.007543285,0.003089643,0.009521238,0.023216738,0.025142918,0.00384333,,0.025142918,,,-0.004966878
31.05.92,-0.004949193,0.017593167,0.018621379,0.009072125,-0.024955241,0.03304636,-0.001334714,-0.044111287,,-0.001334714,,,-0.037104552
30.06.92,-0.001418566,0.013790722,0.010464093,-0.040600025,-0.089909866,-0.025985728,-0.087945775,-0.162640996,,-0.087945775,,,-0.040839373
31.07.92,0.010414922,0.019465373,0.018279626,0.017347255,-0.025424806,-0.022708623,-0.037912264,-0.030568353,,-0.037912264,,,-0.000165211
31.08.92,0.005429085,0.010823896,0.012177587,-0.015872569,-0.058211282,-0.024782052,-0.022237169,-0.094450207,,-0.022237169,,,-0.092001904
30.09.92,0.030700205,0.018938926,0.014235381,0.012984889,-0.005992423,0.058668854,-0.02781393,-0.015755269,,-0.02781393,,,0.00107656
31.10.92,0.025584541,0.00736348,0.015267247,0.032067685,0.128250772,0.016102774,0.086790985,0.162612368,,0.086790985,,,0.082170905
30.11.92,0.00813915,0.001747564,0.007701021,-0.003253554,0.028075552,-0.000776855,0.060796336,0.030271811,,0.060796336,,,0.026105015
31.12.92,0.019299983,0.015476263,0.020543805,0.023584452,0.039601628,0.085659579,0.027622036,0.047988417,,0.027622036,,,0.015119344
31.01.93,0.013164909,0.018220607,0.013819086,0.012702419,0.025365752,0.004775922,0.018294308,0.019430097,,0.018294308,,,0.007219339
28.02.93,0.022571491,0.021063353,0.029645969,0.019893338,0.04629764,0.01744506,0.051767156,0.043509353,,0.051767156,,,0.018217278
31.03.93,0.015151222,0.001661533,0.009717792,0.018412173,0.001206213,0.041571193,0.035856782,0.011231443,,0.035856782,,,0.009357194
30.04.93,0.005556627,0.00535651,0.008328461,0.015133393,-0.01900236,-0.014511638,0.004175277,-0.018572662,,0.004175277,,,0.006380558
31.05.93,0.00499736,0.003975909,0.007978743,0.016853358,0.007254775,0.061762538,0.011311479,0.015781235,,0.011311479,,,0.044415476
30.06.93,0.01059324,0.022939784,0.026569747,0.027125191,0.081950702,0.064309992,0.056502924,0.09244906,,0.056502924,,,0.073052395
31.07.93,0.009668378,0.010672652,0.01562489,0.019396304,0.021126299,0.004774704,0.028880609,0.033993835,,0.028880609,,,0.067668899
31.08.93,0.007447588,0.021561073,0.021691065,0.053703834,0.028188651,0.040456915,0.01767995,0.053610438,,0.01767995,,,-0.105598285
30.09.93,0.005786926,0.00721738,0.00145329,0.022677039,-0.011713488,-0.001823685,-0.052382424,0.000605316,,-0.052382424,,,-0.079475066
31.10.93,0.012917451,0.010426565,0.011830508,0.050782261,0.084423639,0.093150226,0.067799189,0.124180514,,0.067799189,,,0.077153247
30.11.93,0.004245069,0.001908842,0.003864059,0.023704416,0.030255252,0.017183903,-0.04658074,0.053664612,,-0.04658074,,,0.013874557
31.12.93,0.007367965,0.014281565,0.012714088,0.090363618,0.075685578,0.068062812,0.0382876,0.142611657,,0.0382876,,,0.041644106
31.01.94,0.004338093,0.001727832,0.004157443,0.005326946,0.000504882,0.075971009,0.05286894,0.005521659,,0.103009504,,,-0.045819025
28.02.94,-0.00590728,-0.018498611,-0.025639506,-0.091294654,-0.037988413,-0.086756338,-0.038628991,-0.04448216,,-0.02080013,,,-0.016920143
31.03.94,-0.003862113,-0.011881968,-0.011561359,-0.133179905,-0.058846053,-0.025079735,-0.055864064,-0.108440172,,-0.028463154,,,0.006259702
30.04.94,-0.006758726,-0.005827371,-0.004228453,-0.018910052,-0.010419707,-0.01478215,0.030049672,-0.0212135,,0.022954593,,,-0.034316508
31.05.94,-0.003107051,-0.005192293,-0.005378546,0.077940555,0.009163656,-0.001769679,-0.000752887,0.030157279,,-0.011199731,,,0.025694016
30.06.94,-0.009452554,-0.007058855,-0.007582454,-0.056415501,-0.05226789,-0.036969089,-0.048497256,-0.07505929,,-0.025370908,,,-0.045432647
31.07.94,0.007496669,0.010569456,0.010597992,0.008088657,0.040887798,-0.017353407,0.024931883,0.065941179,,0.008656633,,,-0.005387535
31.08.94,-0.005526081,-0.005734423,-0.008787257,0.079119162,0.04808608,0.029788536,0.01837448,0.105362915,,0.016012478,,,-0.007084402
30.09.94,-0.002335938,-0.003615431,-0.004736231,0.025487893,-0.022715992,-0.038435744,-0.05698729,-0.020927529,,-0.025767334,,,-0.008911621
31.10.94,0.004084318,0.000899907,-0.001218256,-0.02923859,-0.024096266,-0.01347654,0.004873415,-0.041567144,,-0.000817404,,,-0.051618212
30.11.94,0.01186614,0.006446347,0.011944649,-0.000937276,0.021306756,0.033437468,0.010392662,0.001099065,,0.016310133,,,0.052538046
31.12.94,0.005880683,0.000775153,-0.003983271,-0.05773805,-0.053127955,0.009967878,-0.005240578,-0.098802417,,0.00814012,,,-0.014815888
31.01.95,0.007763848,0.011702911,0.010487754,-0.045983547,-0.066653539,-0.033100572,-0.0394898,-0.137840035,,-0.022051941,,,-0.04671629
28.02.95,0.006717842,0.013455998,0.002881719,-0.036449958,-0.02726395,0.030913383,-0.012856835,-0.053587075,,-0.000808858,,,-0.022287639
31.03.95,0.012466894,0.013218583,0.009027505,-0.015633587,-0.062956643,-0.034678309,-0.048838394,-0.09100598,,-0.031728257,,,-0.060119722
30.04.95,0.013824786,0.0127028,0.005499798,0.093490253,0.046315144,0.033466299,0.049709572,0.057949581,,0.032704459,,,0.003018304
31.05.95,0.008748603,0.03307446,0.037933565,0.082058971,0.063922517,0.068433164,0.031287748,0.073933478,,-0.004295926,,,0.014841361
30.06.95,0.005767616,-0.000706491,-0.004542501,0.020261528,-0.008834381,0.016138292,-0.013302866,-0.010324757,,0.051217556,,,-0.012497896
31.07.95,0.009025454,0.004112518,-0.000797906,-0.004174481,0.007473527,0.005697247,0.045107663,0.017308669,,0.033184348,,,-0.010103719
31.08.95,0.008678872,0.005681422,0.001922204,0.025693781,0.021439542,0.02623657,0.028652052,0.026758697,,0.043953862,,,0.050987683
30.09.95,0.012353584,0.010920693,0.00388123,0.027569659,-0.038865117,0.035172732,-0.019277254,-0.053122656,,0.043389376,,,-0.045104774
31.10.95,0.011748716,0.009158444,0.008033166,-0.007735397,-0.026144969,0.030638681,-0.0263022,-0.050005352,,-0.008866916,,,-0.013580914
30.11.95,0.016219703,0.016051254,0.015317002,0.023100871,0.029368344,0.045201768,0.068795471,0.01422183,,0.044649921,,,0.044670783
31.12.95,0,0.007112595,0.015581872,0.062670497,0.007248272,0.019011126,0.009189534,0.023545428,,0.020126785,,,-0.021657877
31.01.96,-0.003645787,0.006409245,0.011355124,0.081364322,0.082543273,-0.011208725,0.070896282,0.11906166,,0.046498806,,,0.098801274
29.02.96,0.001984445,-0.017172099,-0.020099336,-0.054899064,-0.019988541,0.034283641,-0.003380305,-0.025667708,,0.018282872,,,-0.023394421
31.03.96,0.006501808,0.000360124,-0.001209345,0.017883885,-0.003575376,0.077584442,0.00997713,0.001002441,,0.038944089,,,-0.018805983
30.04.96,0.006901601,0.000783716,0.011784601,0.045573644,0.064383272,0.005026058,0.070294862,0.083719293,,0.080559488,,,0.03282967
31.05.96,-0.010019743,0.001859709,0.000128737,0.014879994,0.003979353,-0.027602602,0.007156639,0.001612425,,0.049449003,,,0.00723687
30.06.96,0.00114657,0.007309695,0.005416385,0.025058685,0.006573479,0.048444557,0.004762414,0.005753731,,0.008698741,,,-0.024886357
31.07.96,0.008810071,0.002711111,0.000286535,0.014400533,-0.067202406,-0.06460104,-0.077301918,-0.11545254,,-0.060203678,,,-0.036845735
31.08.96,0.01079531,0.006003076,0.010072491,0.027552559,0.015242124,0.043404251,0.012192416,0.025775756,,0.026719803,,,0.002445531
30.09.96,0.013824962,0.016804418,0.017911951,0.055700342,0.053410759,0.021683266,0.087921836,0.05431059,,0.070838463,,,0.024615081
31.10.96,0.008582691,0.014828235,0.011188136,0.013651722,0.000110681,0.001586142,0.011315553,-0.022916197,,0.009435736,,,0.006757466
30.11.96,0.001707734,0.015399617,0.0181957,0.046960594,0.050128545,0.042919197,0.092810419,0.050676522,,0.030938272,,,0.014344065
31.12.96,0.008434772,-0.005438197,-0.004541944,0.006948096,0.029212564,0.010897307,0.01467695,0.035055231,,0.028577232,,,0.023792954
31.01.97,0.009322535,0.005647613,0.006686341,0.021273741,0.081894944,0.088029302,0.072901493,0.124201526,,0.036098932,,,-0.011617452
28.02.97,0.01703558,0.001408026,0.005089994,0.01348554,0.054705533,0.048520704,0.048500871,0.077690383,,0.003495066,,,0.078685372
31.03.97,-0.007324742,-0.008716934,-0.008502977,-0.039552374,-0.039849252,0.03322414,-0.042472409,-0.050216987,,-0.018677287,,,-0.053969683
30.04.97,0.007265885,0.007960141,0.01052052,0.026371087,0.019184731,0.046795007,0.056392401,0.024291203,,0.027616938,,,-0.002600359
31.05.97,0.010189231,0.002641381,0.001460644,0.031343089,-0.013078419,0.031618496,0.019546527,-0.012485058,,0.00998936,,,-0.028133925
30.06.97,0.004708079,0.011195309,0.014802936,0.019873554,0.064257236,0.10877466,0.082087585,0.08220058,,0.048060646,,,0.001185713
31.07.97,0.000289897,0.016370715,0.01853684,0.037561209,0.040898982,0.051683479,0.085154195,0.051367491,,-0.042162168,,,0.007733825
31.08.97,-0.002670229,-0.005539104,-0.014421266,-0.008083678,-0.081264095,-0.115907903,-0.084049455,-0.154816175,,-0.039801917,,,-0.020867351
30.09.97,0.001219902,0.012308417,0.017571446,0.024543628,0.002542409,0.076121065,0.031878023,0.005657192,,-0.004601639,,,0.006304166
31.10.97,-0.000232248,0.006508767,-0.001329449,-0.103938293,-0.107400064,-0.045038095,-0.088956654,-0.218490288,,-0.029644277,,,-0.103347779
30.11.97,0.001682574,0.003065533,0.01011569,0.033492147,-0.005461381,0.051959847,0.039234223,-0.016382905,,0.005209445,,,-0.030884954
31.12.97,0.013073587,0.007852025,0.008008499,0.015497224,0.033843577,0.077425286,0.035676938,0.04659912,,0.047548901,,,-0.010244269
31.01.98,0.015218055,0.009660715,0.017141562,0.004052942,-0.023082435,0.049281504,0.040043449,-0.070054935,,0.077130835,,,0.058861395
28.02.98,0.009646197,0.001242557,0.006147965,0.020903536,0.0505188,0.085577548,0.062016241,0.093843921,,0.084597956,,,-0.013769655
31.03.98,-0.004755387,0.002921123,0.00781562,0.017072794,0.05615776,0.059719079,0.0827785,0.080505699,,0.04790198,,,0.048016712
30.04.98,-0.00652641,0.001238507,0.003163022,-0.001308831,-0.013606332,-0.021085417,-0.006335986,-0.027181394,,0.024046903,,,0.0099384
31.05.98,0.006694633,0.008924289,0.011128517,-0.029732409,-0.080593128,0.027980245,-0.026416806,-0.161696926,,0.007163445,,,-0.069731402
30.06.98,-0.004720966,0.003279412,-9.16E-06,-0.027513958,-0.027215102,0.025979611,0.05031552,-0.08532204,,0.013966836,,,0.041068519
31.07.98,0.004160114,0.003328428,0.009685285,-0.000507352,-0.001135122,0.053336554,-0.018806248,0.013689439,,-0.070773084,,,-0.048921187
31.08.98,0.010047531,0.018037972,0.006463324,-0.262021496,-0.156701525,-0.20002452,-0.158866947,-0.371328002,,-0.179951385,,,-0.074713091
30.09.98,0.004322773,0.020384308,0.011825973,0.091515862,0.012932443,-0.134167985,-0.025794443,0.01766969,,-0.038156787,,,0.022096565
31.10.98,0.007163354,-0.004801099,-0.006506552,0.061801628,0.044200119,0.113830105,0.066766639,0.078046248,,0.021039861,,,-0.029566678
30.11.98,0.004352995,0.003205054,0.005864104,0.063149028,0.06306081,0.075791452,0.088893024,0.107135886,,0.097114042,,,0.031680827
31.12.98,0.002563346,-0.005246048,0.000653566,-0.012494191,-0.01015474,0.01921385,0.035426748,-0.027625812,,-0.007432448,,,-0.033317005
31.01.99,0.008236956,0.007431831,0.013292017,-0.014704757,0.020287326,0.009490348,0.053943643,0.016578584,0.034118514,0.108705193,,,0.027270354
28.02.99,0.003314812,-0.014904557,-0.016227014,0.003062457,0.008793211,-0.01343108,-0.006999359,0.028980533,-0.025035603,0.012332842,,,0.016852063
31.03.99,0.001070091,0.006039119,0.004913047,0.050275087,0.089729667,0.009870865,0.060834649,0.144524399,0.058342658,0.129613123,,,0.00056025
30.04.99,0.008326927,0.00657524,0.004539961,0.050820346,0.093473834,0.028375086,0.06831143,0.147308353,0.103677067,0.10311109,,,0.054671151
31.05.99,-0.002316827,-0.007841127,-0.009123781,-0.051175115,-0.010528296,-0.051947108,-0.03756294,-0.0062941,-0.011160245,-0.016767606,,,-0.059004178
30.06.99,-0.015191645,-0.015779724,-0.012825046,0.025659595,0.069211275,0.005038497,0.06596818,0.128685593,0.076722405,0.087902697,,,-0.012098378
31.07.99,-0.003046536,-0.004585745,-0.007307897,-0.017442961,-0.041240121,-0.002113398,-0.044137894,-0.068692895,-0.014988003,-0.007677231,,,-0.064559176
31.08.99,-0.004043597,-0.002161688,-0.00287905,-0.006630672,0.020458778,0.011344769,0.010503509,0.021177563,0.016054235,0.050026077,,,0.013685193
30.09.99,-0.004953448,0.001385886,0.002334528,0.025426568,-0.017725713,-0.009764294,-0.017458012,-0.042202901,-0.009110677,-0.003265427,,,0.152582226
31.10.99,-0.011888846,-0.001701209,-0.000819396,0.028539701,0.02698531,0.035692721,0.067218526,0.038330921,0.005503194,0.07661764,,,0.020253786
30.11.99,0.007609168,0.000148058,-9.26E-06,0.020267262,0.085170584,0.035340781,0.069401447,0.12854969,0.083327136,0.23008833,,,0.011835543
31.12.99,0.00725469,-0.003128972,-0.004853055,0.030091007,0.064873599,0.02030925,0.07701907,0.118713349,0.067489643,0.315854651,,,-0.015141513
31.01.00,-0.005560535,-0.002705968,-0.005624785,-0.015021545,0.026438819,-0.075198584,-0.015639225,0.046734076,0.033780406,0.052423511,,,0.02539612
29.02.00,-0.004190786,0.006005165,0.006375882,0.040311197,0.012188245,-0.01866186,0.006243622,0.016556285,0.117699701,0.098901311,,,0.037066886
31.03.00,-0.011565473,0.012237193,0.010238848,0.016135698,0.016432321,0.078666965,0.06745745,0.005409813,-0.035261809,-0.014073171,,,-0.046865471
30.04.00,0.000303413,-0.000248583,-0.002214575,-0.022116047,-0.031312138,-0.00061173,-0.007738259,-0.065711846,-0.036683045,-0.12474973,,,0.015041658
31.05.00,-0.001416718,0.003230596,-0.000027662,-0.024712931,-0.034777773,0.031672005,-0.048318206,-0.064441336,-0.039288513,-0.103702466,,,-0.029166266
30.06.00,0.009273325,0.004907807,0.008872936,0.041195122,-0.006861571,0.007181911,0.003310978,0.003650125,0.044515362,0.006670631,,,0.027971484
31.07.00,0.005403255,0.00503564,0.005049413,0.026346629,-0.010622872,0.025608992,-0.005788738,-0.030786969,-0.023151953,-0.012844558,,,-0.02001373
31.08.00,0.008545362,0.000973845,0.00455144,0.028693252,0.043632486,0.022556575,0.075661315,0.049823144,0.109289906,0.097523076,,,0.044918433
30.09.00,0.00434397,0.003669998,0.005264453,-0.013687666,-0.053734376,-0.067281559,-0.066209141,-0.102436344,-0.04226548,-0.062047267,,,-0.021950389
31.10.00,0.004521337,0.005676563,0.004807829,-0.020619831,-0.002904205,0.050829332,0.025711001,-0.033477065,-0.004476244,-0.081967816,,,0.00623232
30.11.00,0.009078991,0.01452703,0.013447713,-0.006036878,-0.068000171,0.004537892,-0.101856086,-0.128424759,-0.08832164,-0.147994838,,,-0.020702449
31.12.00,0.015142306,0.010114472,0.010873798,0.037669057,-0.039336123,0.018057554,-0.053277605,-0.046782254,-0.030687906,-0.075728104,,,-0.058629295
31.01.01,0.007343507,0.007616583,0.011099022,0.042026218,0.084964946,-0.004821335,0.035503811,0.145589774,0.052525372,0.093036707,,,-0.009655431
28.02.01,0.003130784,0.007749005,0.00709614,-0.009337002,-0.022619223,-0.052552453,-0.070963268,-0.06576552,-0.013122901,-0.063149996,,,0.023097236
31.03.01,0.010553193,0.005046914,0.005146386,-0.005168739,-0.030498417,-0.062676254,-0.025405363,-0.063771493,-0.014361361,-0.07064744,,,0.0045681
30.04.01,-0.007054537,-0.009889539,-0.00632654,-0.003259621,0.025771362,0.027012768,0.072026615,0.048748271,0.076769049,0.054957234,,,0.021730174
31.05.01,0.002733659,0.003369598,0.004959483,0.025603105,0.039125465,0.022682902,0.022288839,0.046227749,0.045321671,0.030935038,,,0.046134139
30.06.01,0.008063048,0.005066435,0.004288699,0.018139395,-0.013790898,-0.042099293,-0.031513785,-0.020573512,-0.00200953,-0.068059568,,,0.018563808
31.07.01,0.005494264,0.01221481,0.013718059,-0.028508466,-0.056461276,-0.047739405,-0.05182213,-0.103323902,-0.07299849,-0.119777395,,,-0.058134755
31.08.01,0.006940938,0.008720882,0.008596767,0.037826871,-0.021924424,-0.038587689,-0.08854401,-0.047544204,-0.0396941,-0.054896872,,,-0.006922374
30.09.01,0.00661828,0.007007115,0.007618092,-0.02526359,-0.101346891,-0.075431203,-0.123037904,-0.196337225,-0.172713595,-0.171726643,,,0.035687047
31.10.01,0.019236597,0.02025583,0.017880072,0.016245923,0.043504377,0.005525758,0.025351394,0.066608612,0.070870338,0.060444014,,,-0.037982613
30.11.01,-0.010389,-0.009798324,-0.008783542,0.006918055,0.052624523,0.027412555,0.063161341,0.105176105,0.066755966,0.096585738,,,-0.011429988
31.12.01,-0.010131059,-0.00727031,-0.006862979,0.009873958,0.037322786,0.03198539,0.018312824,0.088383252,0.037253005,0.00197814,0.02945009,,0.026080526
31.01.02,0.000183453,0.001184079,0.004656582,0.016950133,0.040701873,-0.023336811,0.004145516,0.067091323,0.013787836,0.004147838,0.009999982,,0.04410744
28.02.02,0.004666706,0.003069663,0.005089875,0.03104979,0.003955323,0.019278711,-0.01780069,0.007108084,-0.017762823,-0.032286884,-0.014821153,,0.041990986
31.03.02,0.000273835,-0.009603902,-0.010586436,0.001043913,0.016292146,0.051875532,0.032934226,0.04741741,0.065207803,0.070781301,0.042302435,-0.017619489,0.008533967
30.04.02,0.011794729,0.011481306,0.012672948,0.01281183,-0.016793441,-0.009978171,-0.07387926,-0.031879136,-0.021699142,-0.033175958,-0.005276911,-0.028677125,-0.019843183
31.05.02,0.006652308,0.002147127,0.004339507,-0.00237007,-0.024049719,0.010721256,-0.02504327,-0.043484326,-0.030002165,-0.017264108,-0.026919777,-0.025850933,0.026584448
30.06.02,0.009541291,0.012148686,0.009429146,-0.036316889,-0.065935009,-0.099019652,-0.124819568,-0.136541108,-0.114986706,-0.098630957,-0.077079784,-0.048873329,-0.083459871
31.07.02,0.012698583,0.011821788,0.009828664,-0.032374729,-0.035968076,-0.129558971,-0.089538442,-0.080586356,-0.116617135,-0.106957885,-0.076344178,-0.000327822,-0.049355108
31.08.02,0.007420698,0.013499935,0.013541353,0.054904589,0.02863334,0.009920046,0.01331439,0.026551418,0.0067106,-0.002141787,0.050434857,0.023405549,0.044847542
30.09.02,0.020489698,0.013809958,0.012214337,-0.01402751,-0.065239063,-0.084565932,-0.135304791,-0.13110529,-0.096693752,-0.157694152,-0.089814439,-0.007858748,0.01855551
31.10.02,0.000766643,-0.004525464,-0.003473872,0.04465077,0.032418459,0.035270576,0.073143847,0.064765656,0.013964434,0.007478386,0.010124493,0.008522381,-0.01836629
30.11.02,0.005519481,-0.001398804,0.000349488,0.026072349,0.03976368,0.02896009,0.056760184,0.070821335,0.059030973,0.108034285,0.017055701,0.009965034,0.008652523
31.12.02,0.018624699,0.015340278,0.015201553,0.024344701,-0.060533532,-0.097836308,-0.124870191,-0.105418758,-0.121653633,-0.081852363,-0.043459505,-0.067888396,0.015108346
31.01.03,0.00315353,0.004532281,0.003927909,0.012413684,0.002660769,-0.044506779,-0.040731412,-0.014108932,-0.027748915,-0.014336511,-0.00753234,-0.005732275,0.046701915
28.02.03,0.005371248,0.008414144,0.009300617,0.024393799,-0.001339473,-0.064468916,-0.027509926,-0.037423714,-0.027699732,-0.065589189,-0.023100458,-0.00513032,-0.061063071
31.03.03,-0.005205548,-0.002476211,-0.001468053,0.008014751,0.009974965,-0.004714041,-0.003491887,-0.029502915,0.001796967,-0.045914326,0.009320186,0.000561927,-0.040994772
30.04.03,-0.002986811,0.001799859,0.004585451,0.052155045,0.054128028,0.113709056,0.087510016,0.08746621,0.100440944,0.086546024,0.077630837,0.002575212,0.011620291
31.05.03,0.017298619,0.01733245,0.015639246,0.038943574,-0.013706089,0.018512152,0.016515096,0.027461242,0.061672141,0.075889336,0.032763008,-0.034902223,0.030369708
30.06.03,-0.004829939,-0.006464241,-0.004310275,-0.00019836,0.036786559,0.03849696,0.056340725,0.094919357,0.070446716,0.0921594,0.062164758,0.043291645,-0.01172417
31.07.03,-0.006091055,-0.019190157,-0.021888739,-0.03206206,-0.004361108,0.051704629,0.033094096,0.073811858,0.051990178,0.0527895,0.004679865,0.028017806,0.04040773
31.08.03,-0.005547061,-0.00502278,-0.001237318,0.020314189,0.018635437,0.01439898,0.044680663,0.088532688,0.083047416,0.060850583,0.018649175,0.036801479,0.077170855
30.09.03,0.008844129,0.013102635,0.01589933,0.033341021,-0.023311211,-0.019899363,-0.055806534,-0.055232242,-0.042683368,-0.00074929,-0.011331661,-0.056994942,-0.031805936
31.10.03,-0.003049411,-0.011488721,-0.010345104,0.002063903,0.006882558,0.037165083,0.072191087,0.096871926,0.098583367,0.076103193,0.047613543,0.03791684,0.004245383
30.11.03,-0.002727613,0.000459982,0.000682844,0.009303019,-0.02496085,0.01677092,-0.019299623,-0.022978843,-0.016719559,-0.019438099,-0.009621594,-0.051105755,0.002465451
31.12.03,0.011111683,0.007590136,0.008436277,0.027066317,-0.008460888,0.036517542,0.023707634,0.030217218,0.003119597,0.019149213,0.030067264,-0.042135371,0.002803635
31.01.04,0.00465478,0.004733059,0.0051768,0.005095337,0.010626794,0.039142249,0.029277886,0.048253224,0.05493865,0.078185728,0.026657497,0.044505894,-0.020584616
29.02.04,0.009809962,0.009329023,0.009333767,0.004913638,0.025337999,0.010175496,0.020544348,0.048744897,0.024068287,0.035121336,0.038242002,-0.005994689,-0.006876451
31.03.04,0.003623922,0.003240182,0.004320382,0.025038934,0.022401744,-0.021929357,-0.003083815,0.015928175,0.031118959,0.015986257,0.010516442,0.003579277,0.071548963
30.04.04,-0.00880067,-0.013991217,-0.016585573,-0.050280257,-0.011300832,0.039958692,0.003735881,-0.061900626,-0.021827735,-0.04844495,-0.026286567,0.016028748,-0.064581301
31.05.04,-0.004144494,-0.002620736,-0.003300523,-0.017428715,-0.0325251,-0.02547574,-0.023694517,-0.053673641,-0.028941505,-0.040214578,-0.012749395,-0.014202601,-0.018360772
30.06.04,-0.005716635,-0.00082793,0.001029242,0.012787417,0.009119241,-0.000332014,0.02004108,0.003839716,0.042946513,0.028814058,0.024271738,8.76E-05,-0.004138271
31.07.04,0.007912918,0.004433382,0.006149979,0.028712213,0.037446467,-0.01161897,-0.009212118,0.005109199,-0.028574826,-0.010198546,0.035406097,0.047406972,0.013258148
31.08.04,0.01123108,0.014324068,0.014822036,0.037120744,-0.00326963,-0.02570077,-0.008810151,0.027348704,-0.014841318,0.002211623,0.012959004,-0.043291642,0.035106701
30.09.04,0.003529038,0.003753643,0.003179058,0.014660916,0.012951947,0.009677825,0.004053773,0.040858647,0.0214148,-0.002848432,0.021307832,0.009840613,0.005003662
31.10.04,0.010354533,0.005444892,0.006150423,0.014387524,-0.006105543,-0.021368927,-0.014556979,-0.016278532,-0.007350168,-0.013135886,-0.006338613,-0.052653538,-0.018795876
30.11.04,0.008599998,0.003079142,0.00100561,0.005729691,0.006456945,0.021638766,0.004848369,0.039275121,0.028700412,0.035097717,0.02182169,-0.02492635,0.004505126
31.12.04,-0.000157134,0.005486886,0.005701712,0.021886856,0.053758944,0.045510958,0.038600312,0.047895724,0.041256574,0.059421874,0.036435473,0.011739526,-0.02748081
31.01.05,0.010706991,0.00790375,0.006315389,0.005055063,0.038086034,0.009127543,0.018875895,0.04370853,0.028346512,0.042716042,0.068832605,0.038756699,0.002035135
28.02.05,-0.004362737,-0.006319954,-0.005587654,0.005049209,0.015848013,0.031667188,0.009022632,0.060827327,0.009358594,0.007875131,-0.003153655,-0.022021711,0.010484383
31.03.05,0.005372799,0.003444997,-0.000136008,-0.025246987,-0.008666447,0.005884571,0.011443797,-0.038100758,0.007826995,0.012291932,0.003405188,0.039641806,0.012092187
30.04.05,0.013268728,0.011530225,0.010578119,0.011147004,-0.003810533,-0.003669348,-0.024567691,-0.030197722,-0.043246419,-0.026587922,0.002128436,0.000810528,0.014798544
31.05.05,0.006568921,0.007862238,0.008035599,0.024857425,0.044550668,0.045145655,0.061250169,0.078266337,0.0732117,0.061467312,0.050430696,0.049898577,-0.000675587
30.06.05,0.001141336,0.007561837,0.006633624,0.016949503,0.055156584,0.023563972,0.039078931,0.064231162,0.058726673,0.056103606,0.076809504,0.03604108,0.074335537
31.07.05,0.000912131,-0.007977112,-0.00772757,-0.002923667,0.009565078,0.056162858,0.038007121,0.071944311,0.053993958,0.053109283,0.015413732,0.003829614,-0.008725972
31.08.05,0.003488817,0.007092437,0.007458358,0.016207291,-0.012095845,-0.018145732,-0.018248285,-0.017469665,-0.015954379,-0.002752194,-0.008258343,-0.024011529,-0.017252665
30.09.05,-0.00007571,-0.006174655,-0.007486039,0.014944117,0.03764178,0.063192262,0.055087606,0.119070019,0.054451949,0.053711424,0.073447397,-0.05283235,0.106279402
31.10.05,-0.011192868,-0.008404122,-0.008946768,-0.017603068,-0.019720952,0.013143941,-0.025943661,-0.069115918,-0.035474811,-0.026801322,-0.051507767,0.005215136,-0.004965814
30.11.05,-0.001916077,0.002178945,0.001988994,0.01151814,0.038870035,0.052951115,0.051424762,0.098276988,0.058009415,0.062692284,0.029355463,0.069328628,0.075495535
31.12.05,0.007109306,0.006275334,0.005617921,0.013482483,0.012954409,0.021557873,0.022311083,0.057701686,0.040511632,0.056198337,0.025033839,0.00734011,0.044243436
31.01.06,-0.004045344,-0.005570061,-0.003609031,0.010048162,0.014054041,0.028283995,0.014781042,0.076019236,0.044752688,0.022604612,0.027961772,-0.007333527,0.070593388
28.02.06,0.000229419,-0.000747043,-0.000236879,0.017666519,0.042187211,0.014241668,0.026557568,0.026640237,0.019886711,0.017734349,0.043440322,0.0182735,0.008623861
31.03.06,-0.012774318,-0.012235617,-0.011784129,-0.019103662,-0.022002586,0.018253381,0.015607956,0.002191727,0.039459134,0.033509686,-0.013307413,0.002053277,0.031120029
30.04.06,-0.009728082,-0.007649106,-0.006215673,-0.003489306,-0.021681755,0.01348467,-0.016996118,0.020006962,-0.021609966,-0.038509923,-0.003184883,-0.037569947,0.065059606
31.05.06,0.002967361,0.001607368,9.23E-05,-0.021287206,-0.06377174,-0.049803306,-0.053959629,-0.129899204,-0.077948056,-0.066516409,-0.007904317,-0.020762189,-0.036780117
30.06.06,-0.004924386,-0.002866582,-0.003318186,-0.006808325,-0.019771874,0.004794821,0.006509207,0.004268242,-0.008963576,0.004085245,0.018985032,-7.80E-05,-0.038235104
31.07.06,0.00749418,0.007496233,0.008497566,0.027831374,0.048270881,0.036858989,0.012182267,0.020380786,-0.02228484,0.013276313,0.031122115,0.029931078,0.036858637
31.08.06,0.013134702,0.012515146,0.011622504,0.022325237,0.012982428,0.027792994,0.027468696,0.027026511,0.02907058,0.040403035,0.033596869,0.032452796,-0.009861947
30.09.06,0.006960674,0.003808443,0.004076874,0.00276712,0.006333324,0.028650649,0.025744023,0.022142,0.017329137,0.03079495,0.025279829,0.03917075,-0.034880153
31.10.06,0.001827736,0.001528927,0.002354511,0.016518981,0.039799937,0.019804494,0.029897178,0.039874318,0.036736685,0.04669617,0.029939711,-0.002947443,0.007171501
30.11.06,0.007051093,0.00443074,0.005496513,0.008847077,-0.004870358,-0.005107689,-0.010960401,0.035265,-0.000977306,0.014442183,0.026472545,-0.032291969,0.031653523
31.12.06,-0.008955057,-0.008379216,-0.00794218,0.003340104,0.041611148,0.03629871,0.038632354,0.062749846,0.035380571,0.048961921,0.045518741,0.03169614,0.000222769
31.01.07,-0.00471108,-0.003593814,-0.003413652,-0.004288259,0.013113646,0.039623315,0.032773312,0.010935536,0.0387903,0.04277354,0.027670455,0.061801309,0.044148223
28.02.07,0.006110101,0.009054698,0.009830563,0.013836953,-0.008243006,-0.041746195,-0.026899633,-0.027799127,-0.013947603,0.003850358,-0.007686191,-0.010008402,0.004346466
31.03.07,-0.003401024,-0.003509175,-0.003135752,0.006562066,0.025479815,0.022198445,0.01347063,0.034094624,0.019933079,0.0196288,0.038020052,-0.018305658,-0.009443262
30.04.07,-0.000801925,-0.000129797,0.000518176,0.005036559,0.024288115,0.066427848,0.038261103,0.040781716,0.026861173,0.033484597,0.036818955,0.002845335,0.017773288
31.05.07,-0.013833714,-0.010017803,-0.009737633,-0.006435159,0.036999903,0.00623154,0.044666758,0.064216903,0.041745014,0.032228282,0.047524686,0.018471218,-0.015402482
30.06.07,-0.010425278,-0.00600325,-0.006293902,-0.021427511,-0.004940451,-0.028797524,-0.010764974,0.04286558,-0.010830225,-0.024812111,-0.016558154,0.012545111,-0.016400494
31.07.07,0.005226225,0.012158222,0.007655773,-0.012830814,-0.005974634,-0.03165461,-0.03753548,0.036900984,-0.049239488,-0.062217853,-0.027186152,-0.003202376,0.006647205
31.08.07,0.008852767,0.010583896,0.008981276,0.008421187,-0.013829795,-0.002526826,0.002580762,-0.0182424,-0.025695904,-0.019776959,0.006121663,0.012259606,0.014621855
30.09.07,0.00192298,0.00029145,0.001704838,0.02123051,0.024983661,0.003540306,0.014076427,0.070526747,-0.01274923,-0.011161677,0.022072548,0.020927958,0.065659443
31.10.07,0.005746853,0.005640658,0.005962945,0.022343709,0.036792227,0.012839672,0.024415143,0.099606472,0.041945356,0.033037055,0.054810498,-0.013988928,0.054768992
30.11.07,0.007611454,0.01138264,0.008872452,-0.004647041,-0.041028691,-0.027392113,-0.071195823,-0.102183181,-0.10961573,-0.092101408,-0.049892686,-0.030176189,-0.038328405
31.12.07,-0.007209403,-0.000890963,-0.000253097,0.003912644,0.01084878,-0.031242261,-0.004007815,0.012159627,-0.009327803,-0.072993886,0.005469605,0.013036174,0.070638541
31.01.08,0.010098571,0.016112031,0.013865893,0.005882098,-0.032185634,-0.105840578,-0.13137983,-0.181016871,-0.134785438,-0.130884495,-0.130952883,-0.039667457,0.056082354
29.02.08,-0.000995322,0.005483814,0.002329077,-0.001674171,-0.020763694,-0.012608981,-0.042106961,0.034963678,-0.02801618,0.000657938,-0.020833115,-0.037596545,0.01464486
31.03.08,-0.00549205,0.000375,-0.000862923,-0.000928134,-0.057768228,-0.03523903,-0.060310783,-0.104974073,-0.060822582,-0.069425661,-0.070972541,-0.059804379,-0.105748174
30.04.08,-0.002606779,-0.012178191,-0.006126796,0.009469371,0.063078416,0.051838637,0.096982113,0.125517915,0.085584999,0.086381882,0.087021045,0.071451011,-0.013003314
31.05.08,-0.001305942,-0.011906042,-0.009743488,0.000854444,0.009845257,0.002304916,0.020040784,0.022408939,0.039560244,0.011319798,0.027455973,0.004407646,0.024741733
30.06.08,-0.00584738,-0.00091362,-0.003272938,-0.019682525,-0.034970318,-0.077957021,-0.107267448,-0.127509123,-0.108285902,-0.145999751,-0.091002924,-0.019243717,0.019595914
31.07.08,0.016545878,0.011603296,0.007099546,0.010260483,0.090141868,0.021047549,0.002557773,-0.011238431,0.008967497,0.027980297,-0.013850723,0.034915573,0.019730331
31.08.08,0.0095022,0.011467456,0.009927933,0.007221696,0.016328592,0.022004545,0.038600731,-0.031297051,0.051211261,0.021462373,0.01225333,0.08151009,-0.046318361
30.09.08,-0.005036799,0.002471441,-0.009678762,-0.06694157,-0.038114047,-0.090311892,-0.107506037,-0.17580069,-0.123257136,-0.130441233,-0.111043465,-0.062296521,0.067621317
31.10.08,-0.015666638,0.00446028,-0.010283693,-0.161114111,-0.110801585,-0.096614987,-0.167817994,-0.285306548,-0.212348013,-0.31092467,-0.171521525,0.009558093,-0.158837722
30.11.08,0.040214347,0.031143751,0.027310023,0.029014491,0.051938027,-0.050661401,-0.01856369,-0.033549451,-0.039832006,-0.225411038,-0.011611311,0.042446106,0.1693582
31.12.08,0.004914962,0.018799635,0.020391015,0.073679535,-0.033078178,-0.044192896,-0.091105824,-0.052109146,-0.060627776,-0.131321251,-0.059952931,-0.061343252,-0.059348066
31.01.09,0.00575155,-0.017827428,-0.009978661,0.013174904,0.021491166,-0.046848936,-0.001048918,0.01642185,0.009953251,-0.10587326,-0.013004678,0.104256061,0.138705853
28.02.09,-0.009507875,0.002581909,-0.00046533,-0.011158523,-0.04955874,-0.10870153,-0.103214698,-0.054277457,-0.10576789,-0.1905116,-0.131254637,-0.021579251,0.020513941
31.03.09,0.00028945,0.009970623,0.008038962,0.036146328,0.03726549,0.060905487,0.055631573,0.115422383,0.062245371,0.105111833,0.037885182,0.010408307,-0.042162065
30.04.09,0.009409575,-0.004641864,0.003514182,0.055220579,0.083881627,0.074285948,0.106915214,0.153712072,0.15317257,0.327556091,0.07439454,0.069270694,-0.035440469
31.05.09,0.002672267,-0.009080577,0.001231365,0.040517963,-0.011911841,0.024086188,0.02675724,0.091303271,0.022665484,0.08536899,0.04962904,-0.031041022,0.027277628
30.06.09,0.009580344,0.007507951,0.008934107,0.014270508,0.027653702,0.005433057,0.010912745,0.001589127,0.026425626,0.033187492,0.019331288,0.029621551,-0.032955342
31.07.09,0.022403625,0.006525926,0.012720406,0.031773745,0.030573491,0.09044248,0.067808935,0.092255247,0.070693707,0.104253587,0.05359022,0.027114407,0.007772307
31.08.09,0.009463069,0.007780337,0.009785301,0.019957907,-0.005101725,0.052731906,0.030924305,-0.013660908,0.049708881,0.064967536,0.017842573,0.013139056,-0.011090615
30.09.09,0.005471471,0.004804612,0.008071421,0.048891533,0.012321439,0.015339252,0.019778104,0.066597814,0.038252008,0.062672626,0.02716731,0.032843306,0.037478523
31.10.09,0.001544823,-0.001347608,0.001877348,0.001358253,-0.002092796,-0.006924319,-0.029588142,-0.01031654,-0.052171177,-0.063025354,-0.033245948,-0.003612725,0.019685595
30.11.09,0.005252684,0.008921891,0.009688979,0.010749364,0.00405316,-0.001360481,0.023330211,0.02418244,0.006106577,0.005328581,0.029904171,-0.01594534,0.103131882
31.12.09,-0.000271015,-0.010455021,-0.009766032,0.003638756,0.024531026,0.044126733,0.045452704,0.066681129,0.071701314,0.04708968,0.060745964,0.041729859,-0.038139846
31.01.10,0.008815385,0.005892073,0.010141842,0.003668956,0.027544335,-0.00935128,-0.016337748,-0.032586949,0.000988358,0.036656719,-0.021500291,0.038698663,0.009264862
28.02.10,0.007672444,0.005114783,0.004594359,0.013504497,0.025523783,0.03269786,0.028237074,0.017767672,0.036869886,0.024428112,0.007671062,0.015411978,0.041757627
31.03.10,0.001420959,-0.000419068,0.001718159,0.024707775,0.016620816,0.035688658,0.039118054,0.054859422,0.053585136,0.076128001,0.01677025,0.002404989,-0.020832418
30.04.10,0.00212766,0.003565469,0.005378397,0.008124256,0.043155682,-0.021773912,0.027338386,0.038921555,0.063799053,0.044357683,0.020474667,0.036157634,0.082494803
31.05.10,0.011884466,0.012560359,0.007699992,-0.015188343,0.024242065,-0.044665955,-0.024364881,-0.023220015,-0.02523159,-0.069280761,-0.048106588,0.030975098,0.100069506
30.06.10,0.002185411,0.006488115,0.007830184,0.019162856,-0.059457991,-0.028315945,-0.107192448,-0.077335088,-0.120981423,-0.101337011,-0.074430597,-0.058437058,-0.04963227
31.07.10,0.002703294,0.005429549,0.007458993,0.040341585,0.018908907,0.011949083,0.045843579,0.045611256,0.042493405,0.068724412,0.055846009,0.004218679,-0.085704168
31.08.10,0.014953388,0.018352606,0.015685049,0.023778342,-0.016408311,0.00128963,-0.06186498,-0.042602532,-0.071320298,-0.066752596,-0.03407856,-0.014281967,0.032800395
30.09.10,-0.0063689,-0.004212993,-0.002358706,0.01562718,0.020346115,0.017504339,0.056772385,0.069648523,0.07721912,0.096448148,0.031542376,0.003305817,0.010378992
31.10.10,0.000172667,-0.004608356,-0.001208402,0.018389813,0.015630536,0.025295266,0.039461849,0.031456561,0.041571486,0.0922498,0.048630573,0.016234718,0.040445777
30.11.10,-0.003372393,-0.014217173,-0.011219883,-0.031088154,-0.029007966,-0.018607491,-0.002821345,-0.00857468,0.023346447,-0.015315452,-0.034754798,-0.006129045,0.040293932
31.12.10,-0.006343159,-0.004297363,-0.004812691,-0.004641135,-0.038258216,0.016736354,0.006336311,-0.000846435,0.026407191,0.01297238,-0.014447264,-0.048406712,-0.04809492
31.01.11,-0.001395674,-0.005405132,-0.003507934,-0.00611721,-0.008084863,0.004288349,0.029870938,-0.019842828,0.016491032,0.032966554,0.041871668,0.024214188,-0.051828052
28.02.11,0.000174566,-0.00058003,0.0015651,0.002812602,0.002596215,0.024564887,0.023070869,-0.021410155,0.028151718,0.04309324,0.016518449,-0.006398626,0.042265605
31.03.11,-0.002621692,-0.001902494,-0.000995502,0.011759761,0.014293704,-0.029540681,-0.024437862,0.042430962,-0.002485933,-0.005616297,-0.027475968,-0.045290198,0.003329046
30.04.11,-0.001225812,0.006211224,0.008495729,0.013519604,-0.00955575,0.037980839,-0.011215837,-0.025038331,-0.016225703,0.00361562,-0.004289895,-0.028366463,0.018826876
31.05.11,0.014352441,0.010105626,0.009340892,0.015284971,-0.026589904,0.006060038,-0.035121243,-0.041060576,-0.03540494,-0.045366216,-0.027827988,-0.016209206,-0.02325093
30.06.11,0.004652774,-0.001523225,-0.002115558,0.00908184,-0.008711585,-0.057823467,-0.029096366,-0.028407205,-0.035190623,-0.048094945,-0.02101315,-0.009148747,-0.034367131
31.07.11,0.014168895,0.00838127,0.010402165,0.018437426,-0.05157819,-0.069103611,-0.085816665,-0.070303696,-0.091550086,-0.096310349,-0.093129682,-0.053816115,0.009818445
31.08.11,0.006757353,0.018511307,0.011829836,0.005103144,0.021408502,-0.04780581,-0.050339751,-0.072481509,-0.063289491,-0.107539621,-0.037186779,-0.009881355,0.14301199
30.09.11,0.007631384,0.011269863,0.005656061,-0.043753511,0.013749717,-0.003874126,0.037521469,-0.040307845,0.012285989,-0.040077353,0.060862971,0.104797077,-0.002130973
31.10.11,-0.000584966,-0.007790088,-0.001464195,0.043816366,0.018178362,0.044577639,0.065888857,0.088216158,0.07955867,0.096550583,0.035847446,0.017957584,0.020935125
30.11.11,-0.005028084,-0.003502103,-0.006177777,-0.008958583,0.009522978,-0.013095955,0.0211169,-0.024720658,0.02121727,-0.015429332,0.023753006,0.00736255,0.056307458
31.12.11,0.010280503,0.016721073,0.01453071,0.011071854,0.014805187,0.046516523,0.029341091,0.017485117,0.021806654,-0.00043599,0.033279748,0.050646509,-0.07243601
31.01.12,0.007455921,0.006300191,0.00920173,0.015569159,0.054130151,0.006350961,0.031338373,0.088797185,0.05545602,0.068892915,0.008490099,0.003494071,0.074737872
29.02.12,0.005350468,0.001286002,0.003170873,0.023791173,0.007640169,0.03201734,0.028579583,0.037729618,0.024977025,0.03568039,0.017222504,-0.005348028,-0.025890292
31.03.12,-0.000739129,-0.002952973,-0.001778663,0.002071653,-0.019311616,0.023370431,0.013864309,-0.033281136,0.010622369,0.026370435,0.001660266,-0.002587057,-0.031795198
30.04.12,0.002707472,0.005660775,0.005900984,0.016166872,0.015542782,-0.00309699,-0.004800547,-0.005888841,-0.000928885,-0.023429641,0.007187205,0.014021263,0.003889362
31.05.12,0.009621731,0.013900298,0.010652269,-0.023303783,-0.008700381,-0.043311779,-0.015906498,-0.051088396,-0.019280862,-0.043212125,-0.011923135,0.050498875,0.007268714
30.06.12,-0.0016243,-0.004152332,-0.002104708,0.03491304,0.031870083,0.038257124,0.028399026,0.015413115,0.013895319,0.052155368,0.031238374,0.013442719,-0.003629961
31.07.12,0.010430659,0.009782282,0.013097417,0.036897583,0.051142647,0.049434223,0.040427688,0.047759881,0.026526092,0.046691114,0.043947722,0.036235778,0.039125826
31.08.12,0.0036933,0.000269932,0.00161867,0.01165913,-0.022409762,0.000879734,0.004538204,-0.024433932,0.011787255,0.009790346,-0.019310727,0.003040229,0.018485382
30.09.12,0.000400625,0.00269034,0.003456564,0.016083063,0.008468074,0.013391778,0.010591889,0.042222021,0.018032873,0.030539203,0.009266068,0.002780615,0.034909525
31.10.12,0.002879772,0.000565024,0.002272795,0.008699391,-0.003514201,0.017261284,-0.015216489,-0.014540231,-0.014341485,0.013541822,0.006868656,-0.023281961,-0.038885656
30.11.12,0.00207469,0.006745151,0.004548167,0.011610435,0.009955898,0.034543554,0.009219412,0.008634465,0.006181482,0.001627351,-0.017529485,0.019719785,-0.006758767
31.12.12,-0.001036807,-0.000442881,0.000541537,0.006919145,0.008037158,-0.000587147,0.006056102,0.035094995,0.018938984,0.035499137,0.009176579,0.005786191,-0.036049788
31.01.13,-0.009702197,-0.005122295,-0.006103639,-0.013554075,0.000581538,0.076260181,0.043718178,0.00729116,0.050574036,0.073719748,0.023503831,0.003044462,-0.014716367
28.02.13,0.006745388,0.005523033,0.005880104,-0.003269149,0.024423882,0.03743729,0.029448109,0.014970731,0.035511565,0.062212816,0.025326896,0.029368083,-0.022706915
31.03.13,0.000480077,0.007041186,0.004871031,-0.006415193,0.011040994,0.033646683,0.039429321,-0.001006209,0.049959606,0.025567478,0.039569487,0.022832418,0.027020119
30.04.13,0.007332463,0.01005037,0.010362201,0.028999733,0.014597882,0.025953665,0.013044664,-0.011294838,-0.006443301,0.027107662,0.025676692,0.004181449,-0.101904548
31.05.13,-0.006692719,-0.015786717,-0.015152505,-0.03589983,-0.033929725,0.004549093,0.031279207,0.00455487,0.040446894,0.011249225,-0.022264049,0.017730713,-0.022839838
30.06.13,-0.015711559,-0.010187296,-0.014115836,-0.049289089,-0.054492985,-0.033170246,-0.038742086,-0.076076733,-0.03544007,-0.024337026,-0.03516084,-0.031842288,-0.145446711
31.07.13,0.004213945,0.002835128,0.003647301,0.011907656,-0.024179092,0.018897974,0.033656595,-0.007924743,0.044816217,0.040777191,0.022438114,0.006382495,0.04781263
31.08.13,-0.001618647,-0.003077955,-0.004074381,-0.025764402,-0.038142311,-0.010287402,-0.018113964,-0.013922218,-0.016191551,-0.017594062,-0.0275715,0.006557883,0.06904962
30.09.13,0.004525626,0.006635755,0.007660285,0.02590101,0.014044376,0.037021345,0.021496096,0.034798074,0.04003289,0.036523289,0.032603704,-0.007928573,-0.0775214
31.10.13,0.004184107,0.008206266,0.008705935,0.02751334,0.027821666,0.025599705,0.038944858,0.049079329,0.030783295,0.049591974,0.038178224,0.015845943,-0.005776601
30.11.13,0.002646247,-0.000774027,-0.001602893,-0.017190674,-0.034390018,0.008259407,0.020131799,-0.01247472,0.020325911,0.027882905,-0.005522667,0.001415269,-0.054135658
31.12.13,-0.009494761,-0.006965533,-0.005622952,0.004904254,-0.025226331,-0.009607645,0.001678529,-0.033945527,0.004169001,0.010199038,-0.005941357,-0.012428599,-0.057725011
31.01.14,0.016358315,0.014998398,0.014247223,-0.006915525,-0.028815222,-0.001600334,-0.01864262,-0.047556534,-6.02E-05,-0.005089956,0.010048647,0.018992678,0.047614708
28.02.14,-7.95E-05,0.00370232,0.004587105,0.030167234,0.01088008,0.040571182,0.023029278,0.005130456,0.025258267,0.018269538,0.018904652,-0.006648426,0.035907415
31.03.14,0.003018031,0.001480915,0.000741049,0.013536471,0.032765629,0.006097382,0.006538926,0.035605417,0.00057899,0.00590111,0.033910714,0.006763938,-0.022745971
30.04.14,0.006481724,0.005674916,0.006644843,0.012280332,0.004584445,0.013682717,0.00647707,-0.000590893,-0.02093473,-0.034439601,0.013757094,0.002490418,0.000816296
31.05.14,0.006283401,0.007842255,0.009473833,0.030909779,0.036908844,0.027163431,0.035758633,0.051475418,0.027146751,0.037175534,0.041096276,0.016424469,-0.021820301
30.06.14,0.002814701,0.003775859,0.003073644,0.003420463,0.001888621,-0.013565308,0.010216121,0.01875275,0.031081179,0.023744185,0.029261907,0.001651084,0.048453509
31.07.14,0.00389621,0.003870172,0.0019068,0.003848043,0.013723925,-0.016322876,0.008816888,0.045227135,-0.015712899,-0.017994516,0.003440035,0.01591407,-0.003525385
31.08.14,0.009443526,0.013019934,0.01197532,0.008317446,0.014416348,0.031349141,0.03151622,0.032726788,0.039830098,0.018656018,0.031594206,0.024351998,0.013635828
30.09.14,-0.003086422,-0.002282688,-0.003406742,-0.01825607,-0.012716194,0.013456967,0.013609125,-0.036472289,-0.015361424,-0.016291399,-0.000161369,0.026841495,-0.023561717
31.10.14,0.003548565,0.006444133,0.007040364,0.016987496,0.023713201,0.00048228,0.014562185,0.019962159,0.024785571,0.007385545,0.024615749,0.01890945,-0.022743284
30.11.14,0.008816709,0.011266049,0.009144839,0.000770215,-0.009105469,0.036855481,0.024267545,-0.006507155,0.00872969,0.037257442,0.005141534,-0.004194827,-0.000710066
31.12.14,0.008436944,0.008267835,0.00484187,-0.023270888,-0.032305491,-0.019583578,0.012875818,-0.018253304,0.034117329,0.020304788,0.022457721,0.013811177,0.046409761
31.01.15,0.020229955,0.018397769,0.016719066,0.009131666,-0.071653094,-0.070973661,-0.09721622,-0.069134292,-0.097264907,-0.07246404,-0.076707274,-0.076083883,-0.006526539
28.02.15,-0.004460311,-0.009247304,-0.007642424,0.007616199,0.022301025,0.080446798,0.091025912,0.068420685,0.093622552,0.083159773,0.03512235,0.053684063,-0.014089947
31.03.15,0.003866751,0.006519633,0.004438718,0.001316193,-0.009543397,0.019164582,0.005859687,0.006570748,0.023149319,0.008810568,0.012080829,0.009596547,-0.004298865
30.04.15,-0.002080239,-0.00854877,-0.006655662,0.015458312,-0.007418325,0.005909502,-0.011667024,0.038853899,-0.026266056,0.003286647,0.00692475,-0.015878564,-0.038278547
31.05.15,0.002599623,-0.007429294,-0.005273403,-0.004714712,-0.021737363,0.017346489,0.008415479,-0.035861116,0.01891954,0.025148724,-0.011076937,-0.000631542,0.010569024
30.06.15,-0.009839811,-0.01386249,-0.013392438,-0.016404018,-0.019413104,-0.049189378,-0.030634388,-0.032349158,-0.016107374,-0.027351122,-0.053548684,-0.016885633,-0.020233996
31.07.15,0.006421766,0.011929742,0.008913174,0.004061237,0.006241385,0.075674487,0.049745272,-0.038231909,0.028124941,0.05751509,0.04321767,0.038067412,-0.037943616
31.08.15,0.002379006,-0.002749615,-0.003731705,-0.00988751,-0.052612489,-0.069128798,-0.0666966,-0.088968258,-0.052867574,-0.056179776,-0.055379117,0.001391288,0.036631094
30.09.15,-0.000668524,0.007142587,0.004982234,-0.013708222,-0.02176223,-0.036874671,-0.02867028,-0.021800123,-0.034596812,-0.049460714,-0.019338404,0.002974976,-0.008540356
31.10.15,0.009024397,0.001694421,0.002241668,0.026558446,0.058138093,0.05561556,0.087867952,0.084589651,0.067540975,0.068173784,0.059327213,0.031068322,0.035740743
30.11.15,0.006532373,-0.000432069,-0.000486917,-0.001373272,0.018624549,0.007580884,0.035992738,0.000597006,0.051330272,0.045911529,-0.002940026,0.024795259,-0.029786458
31.12.15,-0.016448831,-0.004878804,-0.005333184,-0.014927037,-0.049963968,-0.017857608,-0.045237412,-0.049393292,-0.053173192,-0.064912164,-0.053554909,-0.037017465,-0.029356882
31.01.16,0.017033926,0.019132508,0.013493865,-0.003252144,0.025724817,-0.055808888,-0.0377678,-0.044757095,-0.056506692,-0.056635427,0.014607905,0.016336263,0.072572304
29.02.16,0.012136336,0.010853879,0.008228578,0.017406164,-0.0110293,-0.043462926,-0.032396368,-0.026890227,-0.018008988,-0.034865429,-0.015828517,-0.014108734,0.072672476
31.03.16,-0.006885832,0.003527201,0.006318443,0.029524646,0.048132288,0.005097912,0.030300272,0.085932045,0.045951263,0.054637459,0.042713877,-0.028473687,-0.038238074
30.04.16,-0.00240306,-0.003106161,0.000389565,0.016317858,0.026024258,0.03145308,0.016939704,0.006244137,0.024200609,0.012765399,0.023490302,0.006931111,0.047109392
31.05.16,0.003493453,0.004874576,0.003040776,-0.003300201,-0.021484511,0.034020769,0.040712667,-0.003391614,0.046488843,0.041669595,0.029829038,0.040538259,-0.026399231
30.06.16,0.014855685,0.021474037,0.016971252,0.031092867,0.041169674,-0.0220956,-0.026996659,0.024096478,-0.034967475,-0.071739258,0.014363135,-0.014681427,0.064005011
31.07.16,-0.001145968,0.001500962,0.003902609,0.015906189,-0.001449121,0.016813559,0.034447619,0.042512212,0.046732055,0.059922944,0.020179755,0.001302382,0.015709741
31.08.16,-0.002583239,-0.004964389,-0.002329944,0.016187036,0.013301361,0.006566206,0.014224761,0.03746356,0.01465992,0.02987685,-0.005337265,0.040416913,-0.0158404
30.09.16,0.002224855,-0.00243312,-0.002020302,0.002055063,0.009399593,-0.002584589,-0.005037052,0.002365363,0.004657537,-0.004322889,0.007137001,-0.005449571,-0.003401252
31.10.16,-0.009942445,-0.015232163,-0.011817777,-0.014602904,0.010218206,-0.037222063,-0.000371183,0.020974757,-0.018090074,0.001509699,-0.009300522,0.019375137,-0.014834904
30.11.16,-0.01282536,-0.018909071,-0.018745543,-0.044797405,-0.043266635,0.002724631,0.042003958,-0.018159559,0.067836834,0.045613224,-0.012636474,0.030053329,-0.050849414
31.12.16,-0.000880476,-0.000387411,0.000209811,0.010786173,0.017870886,0.040582924,0.023329965,0.002209593,0.023352766,0.022979925,0.027671756,-0.005469113,-0.019507468
31.01.17,-0.001983909,-0.009517059,-0.005816256,0.011938526,-0.003637874,0.012842,-0.001783431,0.028221051,-0.002954912,0.017831305,-0.012586019,-0.01759982,0.023516877
28.02.17,0.011263192,0.007497066,0.007257301,0.018717703,0.030175132,0.027915374,0.040041258,0.04239575,0.033564056,0.018220705,0.041522484,0.014769564,0.049108403
31.03.17,-0.00766567,-0.00301357,-0.002381802,0.00179619,0.019740267,0.026724224,0.008144928,0.022058664,0.004829825,0.01632276,0.030472132,-0.002290774,-0.008318942
30.04.17,0.000659365,0.004842189,0.005021295,0.013159635,0.005467659,0.031290329,0.009058843,0.015773858,0.014141591,0.047503727,0.010675824,-0.003662323,0.007452634
31.05.17,0.002413958,0.00319894,0.00367564,0.006650479,-0.006178911,0.028070653,-0.003645924,0.004002854,-0.01900505,0.003421976,0.016753272,-0.022291754,-0.023793734
30.06.17,-0.007995641,-0.00573135,-0.004855529,-0.003425684,-0.004832642,-0.011163498,-0.00518519,0.001344955,0.006650647,-0.002735553,-0.010187837,-0.003652395,-0.031483399
31.07.17,-0.002876426,0.000174173,0.001233123,0.006642464,0.028259329,0.016556857,0.031659827,0.066103492,0.030326537,0.040125213,0.040424096,0.016408532,0.028036401
31.08.17,0.010506691,0.008132923,0.006990194,0.015697008,0.012881752,-0.013558274,-0.003057884,0.017557977,-0.005312546,-0.018527716,0.011149492,0.003241856,0.033179062
30.09.17,-0.007777572,-0.008394507,-0.006672566,-0.001790986,0.00439258,0.027484445,0.030175862,0.004040412,0.046615231,0.042622851,-0.010286058,-0.128966837,-0.017811988
31.10.17,0.003969718,0.002570622,0.002262253,0.001722766,-0.000125729,0.010697555,0.046131127,0.061264732,0.041827547,0.029524484,0.037124866,0.123168298,0.01769718
30.11.17,-0.000880799,0.000547069,-0.000473404,-0.001462586,0.004494629,0.008690836,0.009788642,-0.010334335,0.009768631,-0.02373236,0.005324223,-0.00787079,-0.011360541
31.12.17,0.001687517,-0.002509723,-0.00069938,0.004520007,0.009402807,0.002677061,0.003061297,0.025323263,0.004670851,0.012731743,-0.019701397,-0.00133664,0.01624219
31.01.18,-0.010908931,-0.008681945,-0.00901618,-0.002380682,0.002878749,-0.000933833,0.011057906,0.040675947,-0.006391406,0.023023262,-0.030654566,-0.025575997,-0.016346554
28.02.18,-0.001112306,-0.00164421,-0.004442874,-0.022663634,0.001882759,-0.053340119,-0.029096659,-0.0342276,-0.027837303,-0.03758141,-0.056304066,0.003837893,-0.002947143
31.03.18,0.005180208,0.009578732,0.005413676,-4.02E-05,0.019447812,-0.006831179,-0.011793583,-0.008951476,0.010512742,-0.02119055,0.010433612,0.011919325,0.015310306
30.04.18,-0.005106016,-0.006658187,-0.006398449,-0.017722808,0.008371877,0.038112816,0.048871848,0.033181814,0.046465161,0.047400685,0.060989736,0.047423747,0.029937477
31.05.18,0.007465203,-0.000490254,0.001087309,-0.012025305,-0.056168658,-0.037576848,0.002360953,-0.040870046,0.022133498,-0.002956864,-0.023292036,0.001629326,-0.016588981
30.06.18,-0.001252625,0.001110534,-0.000946982,-0.014832532,-0.021285039,0.016933735,0.007374434,-0.033936673,0.00467801,0.018384355,0.026726988,0.004046455,-0.02861505
31.07.18,-0.006435171,-0.004792068,-0.002308038,0.022715583,0.016398218,0.060768572,0.028652253,0.02022344,0.009862883,0.048401569,0.015501658,0.009167481,-0.026063957
31.08.18,0.006803754,-0.001414842,0.000427064,-0.019626849,-0.084000338,-0.013563905,-0.006887047,-0.047564186,0.002547185,-0.029884768,-0.044872581,-0.02235687,-0.04177908
30.09.18,-0.008066052,-0.007190772,-0.00647488,0.012843003,0.031811488,0.007277567,0.012302029,0.0014145,-0.007493428,0.019817681,-0.003172193,0.007113351,7.50E-05
31.10.18,0.002078231,-0.002804688,-0.004865902,-0.025442454,0.014007162,-0.007092946,-0.040293278,-0.054772646,-0.067457525,-0.063714781,-0.005717625,0.031000437,0.049883946
30.11.18,0.003257091,0.004212354,0.002152193,-0.007009657,0.017616388,-0.007970919,0.001576306,0.030506398,-0.003616182,-0.031113536,0.008759966,-0.029557395,-0.00425653
31.12.18,0.008756172,0.012792603,0.010526121,0.009803207,-0.002966849,-0.071932353,-0.09615735,-0.042810562,-0.114448437,-0.110647256,-0.047952805,-0.018421765,0.033310012
31.01.19,0.005625175,0.006033285,0.007677013,0.040599927,0.063692272,0.07105499,0.085569573,0.094243078,0.108282116,0.111115405,0.094153998,0.046002363,0.041896289
28.02.19,0.000364179,-0.003496415,-0.001463352,0.007304331,-0.007232476,0.044868084,0.033721307,0.006044635,0.040675672,0.031709126,0.026899065,-0.011662661,-0.0014441
31.03.19,0.012159965,0.015981888,0.014849381,0.011395083,-0.015187167,0.024130162,0.011937868,0.00675989,-0.007441594,0.00194946,0.022571799,-9.13E-05,-0.01857367
30.04.19,-0.002809699,-0.004627302,-0.002303239,-0.000473765,0.021118893,0.042091867,0.057451254,0.043385116,0.053253978,0.086394662,0.03477466,0.007665911,0.015403216
31.05.19,0.012546317,0.014651277,0.011157827,0.000997838,-0.013625475,-0.017916486,-0.076117022,-0.092924195,-0.084822257,-0.061562135,-0.030199267,-0.032185146,-0.000100341
30.06.19,0.003768893,0.011038767,0.010599143,0.022744271,0.01880919,0.042681867,0.040530797,0.037556215,0.033181558,0.052606423,0.029245201,0.004637631,0.054005532
31.07.19,0.0132555,0.004979021,0.005033547,0.007673236,0.022879231,0.006459218,0.018369558,0.001906052,0.019057045,0.025101393,-0.006420236,0.019406007,0.023714942
31.08.19,0.020040195,0.025706557,0.019655247,-0.000958949,-0.019817353,0.00320501,-0.019765513,-0.04926035,-0.033970465,-0.001014323,0.00429877,-0.002847709,0.06718542